"ID","Instrumento","Angulo","Pedal","AssetValidado","MatrizVisual","HeadlineArte","TextoPrincipal","Titulo","Descricao","CTA","URL","Arquivo"
"CG01","Guitarra","Versatilidade","Tank G","assets/img/equipment/originals/tank-g.webp","assets/creativos-instagram/finais/01-guitarra-quantidade-tank-g.png","DO CLEAN AO HIGH GAIN","Seu Tank G pode ir muito além de uma única resposta de caixa. Explore IRs para clean, crunch, rock e high gain e encontre combinações que façam sentido no seu setup. O foco é o pack de IRs; o Tank G aparece como contexto de uso. Conheça a biblioteca e veja as possibilidades para seu timbre.","Mais timbres para sua guitarra","IRs para explorar cleans, crunches e sons de alto ganho.","Saiba mais","https://mvave.com.br/guitar/","img-criativos/guitarra/CG01-guitarra-versatilidade-tank-g.png"
"CG02","Guitarra","Estilos","Blackbox","assets/img/equipment/originals/annblack-box.webp","assets/creativos-instagram/finais/03-guitarra-organizacao-annblack-box.png","UM EQUIPAMENTO. MUITOS ESTILOS.","Você já conhece a Blackbox. Agora imagine testar diferentes referências de caixa sem trocar de equipamento. O pack reúne IRs para ampliar suas possibilidades de timbre. O foco é o pack de IRs; o Blackbox aparece como contexto de uso. Conheça a biblioteca e veja as possibilidades para seu timbre.","Explore estilos com novos IRs","IRs para explorar cleans, crunches e sons de alto ganho.","Saiba mais","https://mvave.com.br/guitar/","img-criativos/guitarra/CG02-guitarra-estilos-blackbox.png"
"CG03","Guitarra","Clean","Cube Baby Guitar","assets/img/equipment/originals/cube-baby.webp","assets/creativos-instagram/finais/02-guitarra-transformacao-cube-baby.png","SEU CLEAN PODE RESPIRAR MAIS","Um clean interessante começa na resposta certa. Compare IRs, perceba mudanças de brilho, corpo e ambiência e escolha o que conversa melhor com sua guitarra. O foco é o pack de IRs; o Cube Baby Guitar aparece como contexto de uso. Conheça a biblioteca e veja as possibilidades para seu timbre.","Novas respostas para sons clean","IRs para explorar cleans, crunches e sons de alto ganho.","Saiba mais","https://mvave.com.br/guitar/","img-criativos/guitarra/CG03-guitarra-clean-cube-baby-guitar.png"
"CG04","Guitarra","Crunch","MVAVE MK300","assets/img/equipment/originals/mk-300.webp","assets/creativos-instagram/finais/04-guitarra-universo-mk-300.png","CRUNCH COM MAIS PERSONALIDADE","O mesmo drive pode ganhar outra personalidade quando a caixa muda. Use a biblioteca de IRs para comparar respostas e encontrar um crunch mais alinhado ao seu toque. O foco é o pack de IRs; o MVAVE MK300 aparece como contexto de uso. Conheça a biblioteca e veja as possibilidades para seu timbre.","Dê outra cara ao seu crunch","IRs para explorar cleans, crunches e sons de alto ganho.","Saiba mais","https://mvave.com.br/guitar/","img-criativos/guitarra/CG04-guitarra-crunch-mk300.png"
"CG05","Guitarra","High gain","IRbox","assets/img/equipment/originals/ir-box.webp","assets/creativos-instagram/finais/07-guitarra-gabinetes-ir-box.png","PESO SEM EMBOLAR","No high gain, a escolha da caixa influencia peso, ataque e definição. Explore diferentes IRs no IRbox e descubra quais combinações funcionam melhor nos seus riffs. O foco é o pack de IRs; o IRbox aparece como contexto de uso. Conheça a biblioteca e veja as possibilidades para seu timbre.","High gain com mais definição","IRs para explorar cleans, crunches e sons de alto ganho.","Saiba mais","https://mvave.com.br/guitar/","img-criativos/guitarra/CG05-guitarra-high-gain-irbox.png"
"CG06","Guitarra","Rock","Tank Mini","assets/img/equipment/originals/tank-mini.webp","assets/creativos-instagram/finais/05-guitarra-portabilidade-tank-mini.png","ROCK NÃO TEM UMA SÓ CAIXA","Seu som de rock pode mudar bastante com outra referência de gabinete. O pack ajuda você a testar caminhos clássicos e modernos usando o Tank Mini. O foco é o pack de IRs; o Tank Mini aparece como contexto de uso. Conheça a biblioteca e veja as possibilidades para seu timbre.","Encontre sua resposta de rock","IRs para explorar cleans, crunches e sons de alto ganho.","Saiba mais","https://mvave.com.br/guitar/","img-criativos/guitarra/CG06-guitarra-rock-tank-mini.png"
"CG07","Guitarra","Quantidade validada","MVAVE MK300","assets/img/equipment/originals/mk-300.webp","assets/creativos-instagram/finais/04-guitarra-universo-mk-300.png","11.658 ARQUIVOS. QUAL COMBINA COM VOCÊ?","Uma biblioteca ampla para quem gosta de comparar com calma. São 11.658 arquivos de IR para guitarra, entre WAV e SYX, organizados para abrir novas possibilidades no MK300 e em equipamentos compatíveis. O foco é o pack de IRs; o MVAVE MK300 aparece como contexto de uso. Conheça a biblioteca e veja as possibilidades para seu timbre.","Uma biblioteca inteira de timbres","IRs para explorar cleans, crunches e sons de alto ganho.","Saiba mais","https://mvave.com.br/guitar/","img-criativos/guitarra/CG07-guitarra-biblioteca-mk300.png"
"CG08","Guitarra","Transformação","Tank G","assets/img/equipment/originals/tank-g.webp","assets/creativos-instagram/finais/01-guitarra-quantidade-tank-g.png","MUDE A CAIXA. MUDE A SENSAÇÃO.","Você não precisa trocar de equipamento para experimentar outra sensação de timbre. Carregue um novo IR, compare a resposta e redescubra seu Tank G. O foco é o pack de IRs; o Tank G aparece como contexto de uso. Conheça a biblioteca e veja as possibilidades para seu timbre.","Redescubra seu equipamento","IRs para explorar cleans, crunches e sons de alto ganho.","Saiba mais","https://mvave.com.br/guitar/","img-criativos/guitarra/CG08-guitarra-transformacao-tank-g.png"
"CG09","Guitarra","Comparação","Blackbox","assets/img/equipment/originals/annblack-box.webp","assets/creativos-instagram/finais/03-guitarra-organizacao-annblack-box.png","A MESMA REGULAGEM. OUTRA RESPOSTA.","Mantenha sua regulagem e altere apenas o IR. Essa comparação simples revela diferenças de ataque, corpo e presença que podem aproximar você do som que procura. O foco é o pack de IRs; o Blackbox aparece como contexto de uso. Conheça a biblioteca e veja as possibilidades para seu timbre.","Compare antes de escolher","IRs para explorar cleans, crunches e sons de alto ganho.","Saiba mais","https://mvave.com.br/guitar/","img-criativos/guitarra/CG09-guitarra-compare-blackbox.png"
"CG10","Guitarra","Gabinetes","IRbox","assets/img/equipment/originals/ir-box.webp","assets/creativos-instagram/finais/07-guitarra-gabinetes-ir-box.png","QUANTAS CAIXAS CABEM NO SEU SETUP?","O IRbox pode carregar diferentes respostas de caixa no mesmo setup compacto. Conheça uma biblioteca de IRs criada para ampliar suas opções de guitarra. O foco é o pack de IRs; o IRbox aparece como contexto de uso. Conheça a biblioteca e veja as possibilidades para seu timbre.","Mais caixas, o mesmo setup","IRs para explorar cleans, crunches e sons de alto ganho.","Saiba mais","https://mvave.com.br/guitar/","img-criativos/guitarra/CG10-guitarra-gabinetes-irbox.png"
"CG11","Guitarra","Dinâmica","Cube Baby Guitar","assets/img/equipment/originals/cube-baby.webp","assets/creativos-instagram/finais/02-guitarra-transformacao-cube-baby.png","MAIS RESPOSTA AO SEU TOQUE","Palhetada, volume e articulação também passam pela resposta de caixa. Teste diferentes IRs no Cube Baby Guitar e perceba quais preservam melhor a intenção do seu toque. O foco é o pack de IRs; o Cube Baby Guitar aparece como contexto de uso. Conheça a biblioteca e veja as possibilidades para seu timbre.","Timbre que acompanha sua dinâmica","IRs para explorar cleans, crunches e sons de alto ganho.","Saiba mais","https://mvave.com.br/guitar/","img-criativos/guitarra/CG11-guitarra-dinamica-cube-baby-guitar.png"
"CG12","Guitarra","Praticidade","Tank Mini","assets/img/equipment/originals/tank-mini.webp","assets/creativos-instagram/finais/05-guitarra-portabilidade-tank-mini.png","MENOS PROCURA. MAIS GUITARRA.","Em vez de juntar arquivos soltos, comece com uma biblioteca organizada. Encontre referências, compare opções e volte mais rápido ao que importa: tocar. O foco é o pack de IRs; o Tank Mini aparece como contexto de uso. Conheça a biblioteca e veja as possibilidades para seu timbre.","Organize sua busca por timbre","IRs para explorar cleans, crunches e sons de alto ganho.","Saiba mais","https://mvave.com.br/guitar/","img-criativos/guitarra/CG12-guitarra-praticidade-tank-mini.png"
"CG13","Guitarra","Possibilidades","MVAVE MK300","assets/img/equipment/originals/mk-300.webp","assets/creativos-instagram/finais/04-guitarra-universo-mk-300.png","SEU MK300 AINDA TEM CAMINHOS","Amp, efeitos e regulagem contam — e a resposta de caixa também. Amplie as combinações do seu MK300 com uma biblioteca de IRs para guitarra. O foco é o pack de IRs; o MVAVE MK300 aparece como contexto de uso. Conheça a biblioteca e veja as possibilidades para seu timbre.","Abra novas possibilidades no MK300","IRs para explorar cleans, crunches e sons de alto ganho.","Saiba mais","https://mvave.com.br/guitar/","img-criativos/guitarra/CG13-guitarra-possibilidades-mk300.png"
"CG14","Guitarra","Definição","Tank G","assets/img/equipment/originals/tank-g.webp","assets/creativos-instagram/finais/01-guitarra-quantidade-tank-g.png","GAIN ALTO. DETALHE PRESENTE.","Experimente respostas que equilibram corpo e definição no high gain. O pack oferece diferentes IRs para você comparar no Tank G e escolher pelo ouvido. O foco é o pack de IRs; o Tank G aparece como contexto de uso. Conheça a biblioteca e veja as possibilidades para seu timbre.","Peso com leitura das notas","IRs para explorar cleans, crunches e sons de alto ganho.","Saiba mais","https://mvave.com.br/guitar/","img-criativos/guitarra/CG14-guitarra-definicao-high-gain-tank-g.png"
"CG15","Guitarra","Contraste","Blackbox","assets/img/equipment/originals/annblack-box.webp","assets/creativos-instagram/finais/03-guitarra-organizacao-annblack-box.png","CLEAN DE UM LADO. CRUNCH DO OUTRO.","Crie contrastes mais marcantes entre bases limpas e partes com drive escolhendo IRs adequados para cada contexto. A Blackbox vira o ponto de partida, não o limite. O foco é o pack de IRs; o Blackbox aparece como contexto de uso. Conheça a biblioteca e veja as possibilidades para seu timbre.","Do clean ao crunch","IRs para explorar cleans, crunches e sons de alto ganho.","Saiba mais","https://mvave.com.br/guitar/","img-criativos/guitarra/CG15-guitarra-clean-crunch-blackbox.png"
"CG16","Guitarra","Descoberta","IRbox","assets/img/equipment/originals/ir-box.webp","assets/creativos-instagram/finais/07-guitarra-gabinetes-ir-box.png","O TIMBRE CERTO PODE SER OUTRA CAIXA","Antes de refazer toda a regulagem, experimente outro IR. Uma nova resposta de caixa pode mudar o equilíbrio do seu som de guitarra de forma clara e prática. O foco é o pack de IRs; o IRbox aparece como contexto de uso. Conheça a biblioteca e veja as possibilidades para seu timbre.","Talvez seja a caixa","IRs para explorar cleans, crunches e sons de alto ganho.","Saiba mais","https://mvave.com.br/guitar/","img-criativos/guitarra/CG16-guitarra-descoberta-irbox.png"
"CG17","Guitarra","Foco na mix","Cube Baby Guitar","assets/img/equipment/originals/cube-baby.webp","assets/creativos-instagram/finais/02-guitarra-transformacao-cube-baby.png","UM TIMBRE BONITO. E UM QUE ENCAIXA.","O timbre isolado nem sempre é o que funciona na faixa. Compare IRs no Cube Baby Guitar e procure presença, espaço e equilíbrio dentro da mix. O foco é o pack de IRs; o Cube Baby Guitar aparece como contexto de uso. Conheça a biblioteca e veja as possibilidades para seu timbre.","Guitarra que encontra seu espaço","IRs para explorar cleans, crunches e sons de alto ganho.","Saiba mais","https://mvave.com.br/guitar/","img-criativos/guitarra/CG17-guitarra-mix-cube-baby-guitar.png"
"CG18","Guitarra","Referências","MVAVE MK300","assets/img/equipment/originals/mk-300.webp","assets/creativos-instagram/finais/04-guitarra-universo-mk-300.png","NÃO EXISTE UMA RESPOSTA ÚNICA","Cada referência muda o ponto de partida do seu timbre. Use o pack para conhecer diferentes famílias de respostas e criar favoritos no MK300. O foco é o pack de IRs; o MVAVE MK300 aparece como contexto de uso. Conheça a biblioteca e veja as possibilidades para seu timbre.","Compare diferentes referências","IRs para explorar cleans, crunches e sons de alto ganho.","Saiba mais","https://mvave.com.br/guitar/","img-criativos/guitarra/CG18-guitarra-referencias-mk300.png"
"CG19","Guitarra","Setup compacto","Tank Mini","assets/img/equipment/originals/tank-mini.webp","assets/creativos-instagram/finais/05-guitarra-portabilidade-tank-mini.png","SETUP PEQUENO. BIBLIOTECA GRANDE.","O Tank Mini mantém o setup enxuto, enquanto os IRs ampliam as opções de caixa disponíveis. Mais caminhos de timbre sem adicionar outro equipamento físico. O foco é o pack de IRs; o Tank Mini aparece como contexto de uso. Conheça a biblioteca e veja as possibilidades para seu timbre.","Mais possibilidades no setup compacto","IRs para explorar cleans, crunches e sons de alto ganho.","Saiba mais","https://mvave.com.br/guitar/","img-criativos/guitarra/CG19-guitarra-setup-compacto-tank-mini.png"
"CG20","Guitarra","Curadoria","Tank G","assets/img/equipment/originals/tank-g.webp","assets/creativos-instagram/finais/01-guitarra-quantidade-tank-g.png","NÃO COLECIONE IRs. ENCONTRE FAVORITOS.","Uma boa biblioteca não serve apenas para acumular arquivos. Ela ajuda você a comparar respostas, separar favoritos e construir timbres que realmente entram no seu dia a dia. O foco é o pack de IRs; o Tank G aparece como contexto de uso. Conheça a biblioteca e veja as possibilidades para seu timbre.","Transforme arquivos em favoritos","IRs para explorar cleans, crunches e sons de alto ganho.","Saiba mais","https://mvave.com.br/guitar/","img-criativos/guitarra/CG20-guitarra-curadoria-tank-g.png"
"CB01","Baixo","Mix","Tank B","assets/img/equipment/originals/tank-b.webp","assets/creativos-instagram/finais/11-baixo-quantidade-tank-b.png","GRAVE QUE APARECE SEM INVADIR","O baixo precisa sustentar a música sem esconder o restante. Compare IRs no Tank B e busque o equilíbrio entre grave, médio e definição para cada mix. O foco é o pack de IRs; o Tank B aparece como contexto de uso. Conheça a biblioteca e veja as possibilidades para seu timbre.","Encontre o lugar do baixo na mix","IRs para buscar peso, presença e definição na mix.","Saiba mais","https://mvave.com.br/bass/","img-criativos/baixo/CB01-baixo-mix-tank-b.png"
"CB02","Baixo","Quantidade validada","MVAVE MK300","assets/img/equipment/originals/mk-300.webp","assets/creativos-instagram/finais/14-baixo-versatilidade-mk-300.png","2.179 IRs. MUITAS RESPOSTAS DE BAIXO.","São 2.179 arquivos WAV de IR para baixo, com diferentes referências para comparar no MK300 e em equipamentos compatíveis. Escolha pelo contexto, não pelo acaso. O foco é o pack de IRs; o MVAVE MK300 aparece como contexto de uso. Conheça a biblioteca e veja as possibilidades para seu timbre.","2.179 caminhos para seu baixo","IRs para buscar peso, presença e definição na mix.","Saiba mais","https://mvave.com.br/bass/","img-criativos/baixo/CB02-baixo-quantidade-mk300.png"
"CB03","Baixo","Definição","Cube Baby Bass","assets/img/equipment/originals/cube-baby-bass.webp","assets/creativos-instagram/finais/12-baixo-definicao-cube-baby-bass.png","DEFINIÇÃO SEM PERDER PESO","Procure respostas que deixam cada nota mais clara sem esvaziar o grave. O pack amplia as possibilidades do Cube Baby Bass para diferentes técnicas e arranjos. O foco é o pack de IRs; o Cube Baby Bass aparece como contexto de uso. Conheça a biblioteca e veja as possibilidades para seu timbre.","Definição com corpo","IRs para buscar peso, presença e definição na mix.","Saiba mais","https://mvave.com.br/bass/","img-criativos/baixo/CB03-baixo-definicao-cube-baby-bass.png"
"CB04","Baixo","Grave fundamental","IRbox","assets/img/equipment/originals/ir-box.webp","assets/creativos-instagram/finais/15-baixo-grave-fundamental-ir-box.png","O GRAVE CERTO SUSTENTA A MÚSICA","Cada caixa reage de um jeito na região grave. Teste IRs no IRbox e encontre a resposta que sustenta a faixa com firmeza e equilíbrio. O foco é o pack de IRs; o IRbox aparece como contexto de uso. Conheça a biblioteca e veja as possibilidades para seu timbre.","Construa um grave mais firme","IRs para buscar peso, presença e definição na mix.","Saiba mais","https://mvave.com.br/bass/","img-criativos/baixo/CB04-baixo-grave-fundamental-irbox.png"
"CB05","Baixo","Encaixe","Tank B","assets/img/equipment/originals/tank-b.webp","assets/creativos-instagram/finais/11-baixo-quantidade-tank-b.png","SEU BAIXO BRIGA COM A MIX?","Quando o baixo some ou ocupa espaço demais, mudar o IR pode revelar outro equilíbrio. Compare respostas no Tank B antes de refazer todo o seu timbre. O foco é o pack de IRs; o Tank B aparece como contexto de uso. Conheça a biblioteca e veja as possibilidades para seu timbre.","Faça o baixo encaixar","IRs para buscar peso, presença e definição na mix.","Saiba mais","https://mvave.com.br/bass/","img-criativos/baixo/CB05-baixo-encaixe-tank-b.png"
"CB06","Baixo","Corpo","MVAVE MK300","assets/img/equipment/originals/mk-300.webp","assets/creativos-instagram/finais/14-baixo-versatilidade-mk-300.png","CORPO NÃO É SÓ MAIS GRAVE","Um baixo encorpado não depende apenas de aumentar as frequências graves. Explore IRs que equilibram médios, ataque e sustentação no MK300. O foco é o pack de IRs; o MVAVE MK300 aparece como contexto de uso. Conheça a biblioteca e veja as possibilidades para seu timbre.","Mais corpo com equilíbrio","IRs para buscar peso, presença e definição na mix.","Saiba mais","https://mvave.com.br/bass/","img-criativos/baixo/CB06-baixo-corpo-mk300.png"
"CB07","Baixo","Respostas de caixa","Cube Baby Bass","assets/img/equipment/originals/cube-baby-bass.webp","assets/creativos-instagram/finais/12-baixo-definicao-cube-baby-bass.png","4x10? 8x10? OU OUTRA RESPOSTA?","Diferentes referências de caixa mudam ataque, extensão e presença. Use o pack para comparar opções no Cube Baby Bass e entender o que funciona no seu som. O foco é o pack de IRs; o Cube Baby Bass aparece como contexto de uso. Conheça a biblioteca e veja as possibilidades para seu timbre.","Compare respostas de caixa","IRs para buscar peso, presença e definição na mix.","Saiba mais","https://mvave.com.br/bass/","img-criativos/baixo/CB07-baixo-respostas-cube-baby-bass.png"
"CB08","Baixo","Presença","IRbox","assets/img/equipment/originals/ir-box.webp","assets/creativos-instagram/finais/15-baixo-grave-fundamental-ir-box.png","PRESENÇA SEM AUMENTAR O VOLUME","Nem sempre o baixo precisa ficar mais alto. Uma resposta de caixa com o equilíbrio adequado pode melhorar a leitura do instrumento dentro da mix. O foco é o pack de IRs; o IRbox aparece como contexto de uso. Conheça a biblioteca e veja as possibilidades para seu timbre.","Mais presença, não apenas volume","IRs para buscar peso, presença e definição na mix.","Saiba mais","https://mvave.com.br/bass/","img-criativos/baixo/CB08-baixo-presenca-irbox.png"
"CB09","Baixo","Articulação","Tank B","assets/img/equipment/originals/tank-b.webp","assets/creativos-instagram/finais/11-baixo-quantidade-tank-b.png","OUÇA O ATAQUE. SINTA O PESO.","Explore IRs que preservam o ataque das notas e mantêm o peso necessário. Compare no Tank B e escolha de acordo com sua técnica e repertório. O foco é o pack de IRs; o Tank B aparece como contexto de uso. Conheça a biblioteca e veja as possibilidades para seu timbre.","Ataque com peso","IRs para buscar peso, presença e definição na mix.","Saiba mais","https://mvave.com.br/bass/","img-criativos/baixo/CB09-baixo-articulacao-tank-b.png"
"CB10","Baixo","Variedade","MVAVE MK300","assets/img/equipment/originals/mk-300.webp","assets/creativos-instagram/finais/14-baixo-versatilidade-mk-300.png","UM BAIXO. VÁRIAS PERSONALIDADES.","O mesmo instrumento pode assumir papéis diferentes conforme a resposta de caixa. Amplie as possibilidades do MK300 com IRs para contextos variados. O foco é o pack de IRs; o MVAVE MK300 aparece como contexto de uso. Conheça a biblioteca e veja as possibilidades para seu timbre.","Várias personalidades de baixo","IRs para buscar peso, presença e definição na mix.","Saiba mais","https://mvave.com.br/bass/","img-criativos/baixo/CB10-baixo-variedade-mk300.png"
"CB11","Baixo","Comparação","Cube Baby Bass","assets/img/equipment/originals/cube-baby-bass.webp","assets/creativos-instagram/finais/12-baixo-definicao-cube-baby-bass.png","MUDE SÓ O IR. OUÇA A DIFERENÇA.","Mantenha a regulagem, troque apenas o IR e escute como mudam grave, médio e ataque. Assim fica mais fácil criar favoritos no Cube Baby Bass. O foco é o pack de IRs; o Cube Baby Bass aparece como contexto de uso. Conheça a biblioteca e veja as possibilidades para seu timbre.","Compare uma variável por vez","IRs para buscar peso, presença e definição na mix.","Saiba mais","https://mvave.com.br/bass/","img-criativos/baixo/CB11-baixo-compare-cube-baby-bass.png"
"CB12","Baixo","Palheta e dedos","IRbox","assets/img/equipment/originals/ir-box.webp","assets/creativos-instagram/finais/15-baixo-grave-fundamental-ir-box.png","DEDOS OU PALHETA? A CAIXA RESPONDE.","A forma de tocar muda a resposta do baixo. Teste referências diferentes no IRbox para encontrar opções que funcionem com dedos, palheta e variações de dinâmica. O foco é o pack de IRs; o IRbox aparece como contexto de uso. Conheça a biblioteca e veja as possibilidades para seu timbre.","IRs para sua forma de tocar","IRs para buscar peso, presença e definição na mix.","Saiba mais","https://mvave.com.br/bass/","img-criativos/baixo/CB12-baixo-palheta-dedos-irbox.png"
"CB13","Baixo","Organização","Tank B","assets/img/equipment/originals/tank-b.webp","assets/creativos-instagram/finais/11-baixo-quantidade-tank-b.png","SEUS FAVORITOS. NO LUGAR CERTO.","Uma biblioteca organizada facilita comparar respostas e voltar ao que funcionou. Use o pack para construir uma seleção prática de IRs no Tank B. O foco é o pack de IRs; o Tank B aparece como contexto de uso. Conheça a biblioteca e veja as possibilidades para seu timbre.","Organize seus timbres de baixo","IRs para buscar peso, presença e definição na mix.","Saiba mais","https://mvave.com.br/bass/","img-criativos/baixo/CB13-baixo-organizacao-tank-b.png"
"CB14","Baixo","Definição em afinações baixas","MVAVE MK300","assets/img/equipment/originals/mk-300.webp","assets/creativos-instagram/finais/14-baixo-versatilidade-mk-300.png","AFINAÇÃO BAIXA. NOTAS LEGÍVEIS.","Em afinações mais baixas, a escolha do IR pode ajudar a equilibrar peso e leitura. Compare respostas no MK300 e encontre um ponto mais definido. O foco é o pack de IRs; o MVAVE MK300 aparece como contexto de uso. Conheça a biblioteca e veja as possibilidades para seu timbre.","Mais leitura em afinações baixas","IRs para buscar peso, presença e definição na mix.","Saiba mais","https://mvave.com.br/bass/","img-criativos/baixo/CB14-baixo-afinacoes-baixas-mk300.png"
"CB15","Baixo","Timbre redondo","Cube Baby Bass","assets/img/equipment/originals/cube-baby-bass.webp","assets/creativos-instagram/finais/12-baixo-definicao-cube-baby-bass.png","GRAVE REDONDO. SEM FICAR OPACO.","Busque uma resposta cheia, mas ainda articulada. Os IRs permitem comparar diferentes equilíbrios no Cube Baby Bass até encontrar o que combina com a faixa. O foco é o pack de IRs; o Cube Baby Bass aparece como contexto de uso. Conheça a biblioteca e veja as possibilidades para seu timbre.","Grave redondo com clareza","IRs para buscar peso, presença e definição na mix.","Saiba mais","https://mvave.com.br/bass/","img-criativos/baixo/CB15-baixo-redondo-cube-baby-bass.png"
"CB16","Baixo","Problema-solução","Tank B","assets/img/equipment/originals/tank-b.webp","assets/creativos-instagram/finais/11-baixo-quantidade-tank-b.png","O BAIXO SOME QUANDO A BANDA ENTRA?","Se o timbre desaparece na mix, talvez falte presença na região certa. Teste outros IRs no Tank B e avalie o baixo junto com a música. O foco é o pack de IRs; o Tank B aparece como contexto de uso. Conheça a biblioteca e veja as possibilidades para seu timbre.","Não deixe o baixo desaparecer","IRs para buscar peso, presença e definição na mix.","Saiba mais","https://mvave.com.br/bass/","img-criativos/baixo/CB16-baixo-some-na-mix-tank-b.png"
"CB17","Baixo","Possibilidades","IRbox","assets/img/equipment/originals/ir-box.webp","assets/creativos-instagram/finais/15-baixo-grave-fundamental-ir-box.png","MAIS CAIXAS. MAIS DECISÕES PELO OUVIDO.","Uma única resposta pode limitar suas escolhas. Carregue diferentes IRs no IRbox, compare em contexto e separe as opções que realmente funcionam. O foco é o pack de IRs; o IRbox aparece como contexto de uso. Conheça a biblioteca e veja as possibilidades para seu timbre.","Amplie suas opções de caixa","IRs para buscar peso, presença e definição na mix.","Saiba mais","https://mvave.com.br/bass/","img-criativos/baixo/CB17-baixo-possibilidades-irbox.png"
"CB18","Baixo","Contexto musical","MVAVE MK300","assets/img/equipment/originals/mk-300.webp","assets/creativos-instagram/finais/14-baixo-versatilidade-mk-300.png","O TIMBRE MUDA COM A MÚSICA","O que funciona em uma faixa pode não funcionar em outra. Tenha diferentes IRs à mão no MK300 para adaptar peso, presença e definição ao arranjo. O foco é o pack de IRs; o MVAVE MK300 aparece como contexto de uso. Conheça a biblioteca e veja as possibilidades para seu timbre.","Um IR para cada contexto","IRs para buscar peso, presença e definição na mix.","Saiba mais","https://mvave.com.br/bass/","img-criativos/baixo/CB18-baixo-contexto-mk300.png"
"CB19","Baixo","Equilíbrio","Cube Baby Bass","assets/img/equipment/originals/cube-baby-bass.webp","assets/creativos-instagram/finais/12-baixo-definicao-cube-baby-bass.png","PESO. ATAQUE. ESPAÇO.","Ao testar um IR, observe peso, ataque e espaço na mix. Essa leitura ajuda a escolher respostas mais úteis para o Cube Baby Bass e para o seu repertório. O foco é o pack de IRs; o Cube Baby Bass aparece como contexto de uso. Conheça a biblioteca e veja as possibilidades para seu timbre.","Compare o que importa","IRs para buscar peso, presença e definição na mix.","Saiba mais","https://mvave.com.br/bass/","img-criativos/baixo/CB19-baixo-equilibrio-cube-baby-bass.png"
"CB20","Baixo","Curadoria","Tank B","assets/img/equipment/originals/tank-b.webp","assets/creativos-instagram/finais/11-baixo-quantidade-tank-b.png","NÃO É SOBRE TER MAIS. É SOBRE ESCOLHER MELHOR.","Quantidade abre possibilidades, mas a escolha final é sua. Compare a biblioteca no Tank B, organize favoritos e construa um conjunto de respostas que você realmente usa. O foco é o pack de IRs; o Tank B aparece como contexto de uso. Conheça a biblioteca e veja as possibilidades para seu timbre.","Escolha seus IRs favoritos","IRs para buscar peso, presença e definição na mix.","Saiba mais","https://mvave.com.br/bass/","img-criativos/baixo/CB20-baixo-curadoria-tank-b.png"
"CV01","Violão","Naturalidade","Cube Baby AC","assets/img/equipment/originals/cube-baby-ac.webp","assets/creativos-instagram/finais/26-violao-som-em-linha-cube-baby-ac.png","MENOS PIEZO. MAIS VIOLÃO.","O som direto do captador pode ficar duro ou estreito. Experimente IRs no Cube Baby AC para buscar mais corpo, equilíbrio e sensação de instrumento. O foco é o pack de IRs; o Cube Baby AC aparece como contexto de uso. Conheça a biblioteca e veja as possibilidades para seu timbre.","Som em linha mais natural","IRs para um som em linha mais natural e organizado.","Saiba mais","https://mvave.com.br/violao/","img-criativos/violao/CV01-violao-naturalidade-cube-baby-ac.png"
"CV02","Violão","Organização","MVAVE MK300","assets/img/equipment/originals/mk-300.webp","assets/creativos-instagram/finais/25-violao-aco-nylon-mk-300.png","AÇO E NYLON. SEM CONFUSÃO.","Separe opções para aço e nylon, compare características e encontre respostas adequadas para cada instrumento. Uma biblioteca organizada agiliza o uso no MK300. O foco é o pack de IRs; o MVAVE MK300 aparece como contexto de uso. Conheça a biblioteca e veja as possibilidades para seu timbre.","Organize seus IRs de violão","IRs para um som em linha mais natural e organizado.","Saiba mais","https://mvave.com.br/violao/","img-criativos/violao/CV02-violao-organizacao-mk300.png"
"CV03","Violão","Quantidade validada","Cube Baby AC","assets/img/equipment/originals/cube-baby-ac.webp","assets/creativos-instagram/finais/26-violao-som-em-linha-cube-baby-ac.png","227 IRs. NOVAS REFERÊNCIAS.","Explore 227 arquivos WAV de IR para violão, com opções para aço e nylon e diferentes referências de instrumento. Compare no Cube Baby AC e escolha pelo ouvido. O foco é o pack de IRs; o Cube Baby AC aparece como contexto de uso. Conheça a biblioteca e veja as possibilidades para seu timbre.","227 respostas para explorar","IRs para um som em linha mais natural e organizado.","Saiba mais","https://mvave.com.br/violao/","img-criativos/violao/CV03-violao-quantidade-cube-baby-ac.png"
"CV04","Violão","Som em linha","IRbox","assets/img/equipment/originals/ir-box.webp","assets/creativos-instagram/finais/23-violao-madeira-ir-box.png","SEU SOM EM LINHA PODE TER MAIS CORPO","Ao ligar o violão direto, a resposta pode perder corpo e naturalidade. Carregue diferentes IRs no IRbox e encontre um equilíbrio mais agradável. O foco é o pack de IRs; o IRbox aparece como contexto de uso. Conheça a biblioteca e veja as possibilidades para seu timbre.","Mais corpo no som em linha","IRs para um som em linha mais natural e organizado.","Saiba mais","https://mvave.com.br/violao/","img-criativos/violao/CV04-violao-som-em-linha-irbox.png"
"CV05","Violão","Aço","Cube Baby AC","assets/img/equipment/originals/cube-baby-ac.webp","assets/creativos-instagram/finais/26-violao-som-em-linha-cube-baby-ac.png","CORDAS DE AÇO. MAIS EQUILÍBRIO.","Violões de aço podem soar brilhantes demais em linha. Compare IRs no Cube Baby AC para equilibrar ataque, corpo e definição de acordo com seu instrumento. O foco é o pack de IRs; o Cube Baby AC aparece como contexto de uso. Conheça a biblioteca e veja as possibilidades para seu timbre.","Equilibre seu violão de aço","IRs para um som em linha mais natural e organizado.","Saiba mais","https://mvave.com.br/violao/","img-criativos/violao/CV05-violao-aco-cube-baby-ac.png"
"CV06","Violão","Nylon","MVAVE MK300","assets/img/equipment/originals/mk-300.webp","assets/creativos-instagram/finais/25-violao-aco-nylon-mk-300.png","NYLON COM MAIS CORPO","Explore respostas que valorizam o corpo e a delicadeza do nylon sem esconder a articulação. Use o MK300 para comparar e separar seus favoritos. O foco é o pack de IRs; o MVAVE MK300 aparece como contexto de uso. Conheça a biblioteca e veja as possibilidades para seu timbre.","Mais corpo para o nylon","IRs para um som em linha mais natural e organizado.","Saiba mais","https://mvave.com.br/violao/","img-criativos/violao/CV06-violao-nylon-mk300.png"
"CV07","Violão","Comparação","Cube Baby AC","assets/img/equipment/originals/cube-baby-ac.webp","assets/creativos-instagram/finais/26-violao-som-em-linha-cube-baby-ac.png","O MESMO VIOLÃO. OUTRA REFERÊNCIA.","Mantenha a regulagem e compare diferentes IRs no Cube Baby AC. Você percebe com mais clareza as mudanças de corpo, brilho e naturalidade. O foco é o pack de IRs; o Cube Baby AC aparece como contexto de uso. Conheça a biblioteca e veja as possibilidades para seu timbre.","Compare referências de violão","IRs para um som em linha mais natural e organizado.","Saiba mais","https://mvave.com.br/violao/","img-criativos/violao/CV07-violao-compare-cube-baby-ac.png"
"CV08","Violão","Piezo","IRbox","assets/img/equipment/originals/ir-box.webp","assets/creativos-instagram/finais/23-violao-madeira-ir-box.png","O PIEZO NÃO PRECISA DITAR O TIMBRE","O captador é apenas o começo do sinal. Com diferentes IRs no IRbox, você pode explorar respostas mais naturais e adequadas ao seu jeito de tocar. O foco é o pack de IRs; o IRbox aparece como contexto de uso. Conheça a biblioteca e veja as possibilidades para seu timbre.","Vá além do som do piezo","IRs para um som em linha mais natural e organizado.","Saiba mais","https://mvave.com.br/violao/","img-criativos/violao/CV08-violao-piezo-irbox.png"
"CV09","Violão","Praticidade","Cube Baby AC","assets/img/equipment/originals/cube-baby-ac.webp","assets/creativos-instagram/finais/26-violao-som-em-linha-cube-baby-ac.png","PLUGOU. ESCOLHEU. TOCOU.","Organize algumas respostas favoritas no Cube Baby AC para ensaio, gravação e apresentação. Assim, você adapta o som em linha sem complicar o setup. O foco é o pack de IRs; o Cube Baby AC aparece como contexto de uso. Conheça a biblioteca e veja as possibilidades para seu timbre.","Praticidade para tocar","IRs para um som em linha mais natural e organizado.","Saiba mais","https://mvave.com.br/violao/","img-criativos/violao/CV09-violao-praticidade-cube-baby-ac.png"
"CV10","Violão","Referências","MVAVE MK300","assets/img/equipment/originals/mk-300.webp","assets/creativos-instagram/finais/25-violao-aco-nylon-mk-300.png","MARTIN. TAYLOR. GIBSON. COLLINGS.","Compare IRs inspirados em diferentes referências de violão e perceba como corpo, brilho e equilíbrio mudam no MK300. Encontre os que combinam com seu instrumento. O foco é o pack de IRs; o MVAVE MK300 aparece como contexto de uso. Conheça a biblioteca e veja as possibilidades para seu timbre.","Explore diferentes referências","IRs para um som em linha mais natural e organizado.","Saiba mais","https://mvave.com.br/violao/","img-criativos/violao/CV10-violao-referencias-mk300.png"
"CV11","Violão","Naturalidade ao vivo","Cube Baby AC","assets/img/equipment/originals/cube-baby-ac.webp","assets/creativos-instagram/finais/26-violao-som-em-linha-cube-baby-ac.png","AO VIVO. AINDA SOA COMO VIOLÃO.","Leve ao palco respostas que preservem uma sensação mais orgânica no som em linha. Compare IRs no Cube Baby AC e monte seus favoritos para tocar ao vivo. O foco é o pack de IRs; o Cube Baby AC aparece como contexto de uso. Conheça a biblioteca e veja as possibilidades para seu timbre.","Mais naturalidade ao vivo","IRs para um som em linha mais natural e organizado.","Saiba mais","https://mvave.com.br/violao/","img-criativos/violao/CV11-violao-naturalidade-ao-vivo-cube-baby-ac.png"
"CV12","Violão","Gravação","IRbox","assets/img/equipment/originals/ir-box.webp","assets/creativos-instagram/finais/23-violao-madeira-ir-box.png","GRAVE EM LINHA. COM OUTRA TEXTURA.","Nem sempre é possível microfonar o violão. Use diferentes IRs no IRbox para buscar texturas mais agradáveis em gravações diretas e ideias rápidas. O foco é o pack de IRs; o IRbox aparece como contexto de uso. Conheça a biblioteca e veja as possibilidades para seu timbre.","Outra textura para gravação direta","IRs para um som em linha mais natural e organizado.","Saiba mais","https://mvave.com.br/violao/","img-criativos/violao/CV12-violao-gravacao-irbox.png"
"CV13","Violão","Brilho controlado","Cube Baby AC","assets/img/equipment/originals/cube-baby-ac.webp","assets/creativos-instagram/finais/26-violao-som-em-linha-cube-baby-ac.png","BRILHO SEM ASPEREZA","Se o som em linha está áspero, experimente respostas com outro equilíbrio de agudos. O pack amplia as opções disponíveis no Cube Baby AC. O foco é o pack de IRs; o Cube Baby AC aparece como contexto de uso. Conheça a biblioteca e veja as possibilidades para seu timbre.","Controle o brilho do violão","IRs para um som em linha mais natural e organizado.","Saiba mais","https://mvave.com.br/violao/","img-criativos/violao/CV13-violao-brilho-controlado-cube-baby-ac.png"
"CV14","Violão","Corpo","MVAVE MK300","assets/img/equipment/originals/mk-300.webp","assets/creativos-instagram/finais/25-violao-aco-nylon-mk-300.png","MAIS MADEIRA. MENOS SOM DIRETO.","Explore IRs que tragam outra sensação de corpo e madeira ao sinal em linha. Compare no MK300 e encontre o equilíbrio certo para seu instrumento. O foco é o pack de IRs; o MVAVE MK300 aparece como contexto de uso. Conheça a biblioteca e veja as possibilidades para seu timbre.","Mais sensação de madeira","IRs para um som em linha mais natural e organizado.","Saiba mais","https://mvave.com.br/violao/","img-criativos/violao/CV14-violao-corpo-mk300.png"
"CV15","Violão","Dedilhado","Cube Baby AC","assets/img/equipment/originals/cube-baby-ac.webp","assets/creativos-instagram/finais/26-violao-som-em-linha-cube-baby-ac.png","CADA NOTA COM SEU ESPAÇO","No dedilhado, definição e equilíbrio fazem diferença. Teste IRs no Cube Baby AC e procure uma resposta que preserve o detalhe de cada nota. O foco é o pack de IRs; o Cube Baby AC aparece como contexto de uso. Conheça a biblioteca e veja as possibilidades para seu timbre.","Clareza para dedilhados","IRs para um som em linha mais natural e organizado.","Saiba mais","https://mvave.com.br/violao/","img-criativos/violao/CV15-violao-dedilhado-cube-baby-ac.png"
"CV16","Violão","Batida","IRbox","assets/img/equipment/originals/ir-box.webp","assets/creativos-instagram/finais/23-violao-madeira-ir-box.png","BATIDA CHEIA. SEM EMBOLAR.","Uma batida forte pode acumular frequências no som em linha. Compare IRs no IRbox para encontrar uma resposta cheia, mas ainda clara. O foco é o pack de IRs; o IRbox aparece como contexto de uso. Conheça a biblioteca e veja as possibilidades para seu timbre.","Batida com corpo e clareza","IRs para um som em linha mais natural e organizado.","Saiba mais","https://mvave.com.br/violao/","img-criativos/violao/CV16-violao-batida-irbox.png"
"CV17","Violão","Dois instrumentos","MVAVE MK300","assets/img/equipment/originals/mk-300.webp","assets/creativos-instagram/finais/25-violao-aco-nylon-mk-300.png","DOIS VIOLÕES. DUAS RESPOSTAS.","Não force o mesmo IR em instrumentos diferentes. Monte favoritos específicos no MK300 para aço e nylon e preserve a personalidade de cada violão. O foco é o pack de IRs; o MVAVE MK300 aparece como contexto de uso. Conheça a biblioteca e veja as possibilidades para seu timbre.","Uma resposta para cada violão","IRs para um som em linha mais natural e organizado.","Saiba mais","https://mvave.com.br/violao/","img-criativos/violao/CV17-violao-dois-violoes-mk300.png"
"CV18","Violão","Problema-solução","Cube Baby AC","assets/img/equipment/originals/cube-baby-ac.webp","assets/creativos-instagram/finais/26-violao-som-em-linha-cube-baby-ac.png","SEU VIOLÃO EM LINHA SOA DURO?","Antes de exagerar no equalizador, compare outro IR. Uma resposta diferente no Cube Baby AC pode suavizar o sinal e trazer um equilíbrio mais natural. O foco é o pack de IRs; o Cube Baby AC aparece como contexto de uso. Conheça a biblioteca e veja as possibilidades para seu timbre.","Suavize o som em linha","IRs para um som em linha mais natural e organizado.","Saiba mais","https://mvave.com.br/violao/","img-criativos/violao/CV18-violao-som-duro-cube-baby-ac.png"
"CV19","Violão","Possibilidades","MVAVE MK300","assets/img/equipment/originals/mk-300.webp","assets/creativos-instagram/finais/25-violao-aco-nylon-mk-300.png","UM SETUP ENXUTO. VÁRIOS VIOLÕES.","Com IRs diferentes no MK300, você acessa outras referências e adapta o som em linha mantendo o setup compacto e simples. O foco é o pack de IRs; o MVAVE MK300 aparece como contexto de uso. Conheça a biblioteca e veja as possibilidades para seu timbre.","Mais referências no setup compacto","IRs para um som em linha mais natural e organizado.","Saiba mais","https://mvave.com.br/violao/","img-criativos/violao/CV19-violao-possibilidades-mk300.png"
"CV20","Violão","Curadoria","Cube Baby AC","assets/img/equipment/originals/cube-baby-ac.webp","assets/creativos-instagram/finais/26-violao-som-em-linha-cube-baby-ac.png","NATURALIDADE É UMA ESCOLHA","Cada violão, captador e sistema responde de um jeito. Use a biblioteca no Cube Baby AC para comparar com critério e criar uma seleção de favoritos. O foco é o pack de IRs; o Cube Baby AC aparece como contexto de uso. Conheça a biblioteca e veja as possibilidades para seu timbre.","Escolha sua resposta mais natural","IRs para um som em linha mais natural e organizado.","Saiba mais","https://mvave.com.br/violao/","img-criativos/violao/CV20-violao-curadoria-cube-baby-ac.png"
