"caminho","extensao","tamanho_bytes","sha256"
"assets\.DS_Store",".ds_store","14340","7A0E1A61B7F44214B1052926F1BC9DFFC94E72F29F2A912F9FE5A41E904CFACF"
"assets\ads\latam\feed\ES-C07-guitarra-gabinetes.png",".png","2125587","6118D84A7A48CCAEB4C42267E124ACA55A768996BC16A76355F23F56BE02F5CF"
"assets\ads\latam\feed\ES-C11-bajo-cantidad.png",".png","2406265","46C05CE766645C761EBA69167F9CFEECB4799AB84D34853C1327E402B2700064"
"assets\ads\latam\feed\ES-C22-acustica-naturalidad.png",".png","2316306","CAA9C078F4DB604C3C7A9913985D82652C16B79F88DD4D0C428F74CEDEE3407A"
"assets\ads\latam\stories\ES-C07-guitarra-gabinetes.png",".png","3330784","821F8F0A29A7CB28AA1300ABBC4C4EDCF479DDFBAB1CE5FF7D174E85039605E0"
"assets\ads\latam\stories\ES-C11-bajo-cantidad.png",".png","4049160","1C06E1A2AF60D8C7320BC6001E2088D5A7A89B0F777B548AA078FA32F45B50DF"
"assets\ads\latam\stories\ES-C22-acustica-naturalidad.png",".png","4017223","8D02355B55099F78EC31E11DB986A7216CB4606477C330EE97BE42C6301263B4"
"assets\audio\previews\README.md",".md","505","72CF5FE641D581DE90636F480F5D59F1D806AC69AEFD9AF5A5B1138091CE6250"
"assets\conteudos-instagram\.DS_Store",".ds_store","14340","82087D865BB009762BED9B2CD4E6E10C399A5A4AE8F881E3B6FC12733460B180"
"assets\conteudos-instagram\calendario-postagens.csv",".csv","3305","0E0A162BDF4323A2EE1A77CF589BB892D4E1B6E8C55CE9BB5652FD08E53211BE"
"assets\conteudos-instagram\fontes\04-mesmo-volume-original.png",".png","1637839","025AE7DB9EB61AEB154C34F2C96B78815E75A997E0B69B5DC97B9EAF475A0F55"
"assets\conteudos-instagram\fontes\16-cube-baby-versoes-original.png",".png","1904461","F74897286FD67BD917F4186CF7E25191D459DF0712A7CEBC22E24E01E4B2CB49"
"assets\conteudos-instagram\fontes\17-nove-slots-original.png",".png","1763992","FD9BE69F372846CE14D45BFB8921861013ACF4BB4D71C78627D80B8259880CB7"
"assets\conteudos-instagram\fontes\20-teste-no-contexto-original.png",".png","1508640","19538C5B780D87329BF22F471BC5443B7B4191A38C59EA7BAC113A4117F1F105"
"assets\conteudos-instagram\grade-contato-30.jpg",".jpg","850978","CA2902B7252CF246D67DB2A1CEEBEED1CDDEB2EBEB1BF8A2D704DA2FDA9A708D"
"assets\conteudos-instagram\legendas-30-conteudos-instagram.pdf",".pdf","34250","4179840D718C45EFEAFCA5E633F46A4C3DE85904516C318075879C488B57BD66"
"assets\conteudos-instagram\legendas-e-descricoes.md",".md","14501","482D83AE49C00E1A6F992B710A8383807C19CDA32ED577D6A99AF9DA590ABB2E"
"assets\conteudos-instagram\LEIA-ME.md",".md","1387","CC09E7119C2753CDAF01CAFC669698499E147613DDE9618678DEA83C490632CC"
"assets\conteudos-instagram\posts-individuais\01-2026-08-12-o-que-e-ir.png",".png","2068274","8C417865E882B459C232DE9C7226CD3433AC139FB2C890AB497271F200CC4A32"
"assets\conteudos-instagram\posts-individuais\02-2026-08-13-ir-nao-e-efeito.png",".png","2135854","0C35CCEB61E92BA9CD45EE55ADAEEF61D4362453F7BADD332D6A828114DEA20B"
"assets\conteudos-instagram\posts-individuais\03-2026-08-14-ordem-da-cadeia.png",".png","1915646","61A7B29801CB976380519C8667426D147D5563CA5303A2FFDAA8C7E0BDA2B38B"
"assets\conteudos-instagram\posts-individuais\04-2026-08-15-mesmo-volume.png",".png","1859215","0AF654676730245962909FA214FBEF6FC3424F70D15125FCE54CBEE520F9481E"
"assets\conteudos-instagram\posts-individuais\05-2026-08-16-metodo-cinco-irs.png",".png","1782735","BD66B031EACD4F6F40DCB02433345A5337E665DBC8495624565F6D2F34ACBB81"
"assets\conteudos-instagram\posts-individuais\06-2026-08-17-som-rachando.png",".png","2013754","14C64C9F3523E0BF216BD29C7B6743549C53217AD13D2C9FF62E4491A4698A89"
"assets\conteudos-instagram\posts-individuais\07-2026-08-18-posicao-microfone.png",".png","1938716","94609B81AA0397D2769CE32B855A263C88EE22B8FE7800728549948F20046A0A"
"assets\conteudos-instagram\posts-individuais\08-2026-08-19-centro-ou-borda.png",".png","2058498","B886E90DE07BAFBA198490B7DEC72A69E89706BF731ECB24D7F8C0297BF55E8F"
"assets\conteudos-instagram\posts-individuais\09-2026-08-20-441-ou-48khz.png",".png","1643175","1AD03EDD84834FD7BA4ACA2F04102373865993A1604A1C9DA982883D3C3CF1AE"
"assets\conteudos-instagram\posts-individuais\10-2026-08-21-1024-ou-2048.png",".png","1685698","A318C2DCB4ED50E4F1524FFCF8B6C9DF30DCF23205F8191CB1D14E89793D1B1C"
"assets\conteudos-instagram\posts-individuais\11-2026-08-22-mono-ou-stereo.png",".png","1730329","1F99C4E965F5DB1577816807672924F90DDC5EE42BE1B98D0DAD2446E88E0F4D"
"assets\conteudos-instagram\posts-individuais\12-2026-08-23-ir-guitarra.png",".png","1635802","8FC62CBBE7440ED6940713FAC1A56076B0C6F30231E9B6F3C884F2B531D5BADE"
"assets\conteudos-instagram\posts-individuais\13-2026-08-24-ir-baixo.png",".png","1956047","5487101E0EF76165C73108D3C5A6D1303046F46F9228D0621B95FF6BD03B8741"
"assets\conteudos-instagram\posts-individuais\14-2026-08-25-ir-violao.png",".png","1810285","8467AD6E65552EDF7F0D9B19CAEC302ED787FE49C93483068FCEAA2CD0FEE418"
"assets\conteudos-instagram\posts-individuais\15-2026-08-26-piezo.png",".png","1979606","A8BBD931ED9A06ABDF20A28C82AECD1C45070C8D177AE621A8CA938ADF958EAB"
"assets\conteudos-instagram\posts-individuais\16-2026-08-27-cube-baby-versoes.png",".png","2147609","4D4A1C601A9D580E243E9CB42743952EBBBEB2D07D540AC270351D49237A1AC1"
"assets\conteudos-instagram\posts-individuais\17-2026-08-28-nove-slots.png",".png","1939524","D68F94482424948AC6212C01B2F7861E92D3C05AD5A4263F9E258D08BB156578"
"assets\conteudos-instagram\posts-individuais\18-2026-08-29-clean-base-solo.png",".png","2051096","E75858941BF0C8177643800C812EABA9837555A2DCBB750AFA62F4BA1A0B1DBE"
"assets\conteudos-instagram\posts-individuais\19-2026-08-30-fone-frfr-pa.png",".png","1929397","72CB3DEAA6A73AB183B3905287C44A2889F360F048915BDAC2941495228E757C"
"assets\conteudos-instagram\posts-individuais\20-2026-08-31-teste-no-contexto.png",".png","1730995","522D880D7DDBFFB7F6A09DE223BCCAC18C6B90EEE4C7E65CC010F58598A89465"
"assets\conteudos-instagram\posts-individuais\21-2026-09-01-backup-firmware.png",".png","1835642","6F997907486F9E8C94EC7E87ADE17F2066735915599BF872FB29CF4FAB219EC3"
"assets\conteudos-instagram\posts-individuais\22-2026-09-02-nomes-curtos.png",".png","1912914","7DEEB3E3A3305905585DC61616BAD9184E0DFD48C0403A8D344DD15CAA729CC3"
"assets\conteudos-instagram\posts-individuais\23-2026-09-03-uma-mudanca-por-vez.png",".png","1739058","0BC424825DD1FD0A6E1F819733E442DB62EB04380092820206EC8E3580112263"
"assets\conteudos-instagram\posts-individuais\24-2026-09-04-trilha-di-loop.png",".png","1873531","F6C4DCFA2A5C039532E7A594C85EA68C666D5706EBB6C79E93B2488FBFFA4530"
"assets\conteudos-instagram\posts-individuais\25-2026-09-05-daw-laboratorio.png",".png","2027405","E6CC8F3FA1608033B80D397760D2EBD8171EDFC6BC068C4C68A37AAFDDE57F81"
"assets\conteudos-instagram\posts-individuais\26-2026-09-06-fase-ao-misturar.png",".png","1845158","73446C9FDFABB6B6B7207C0EF8860C74E4938DE53FB350BAD2C8932C2543B051"
"assets\conteudos-instagram\posts-individuais\27-2026-09-07-ir-na-mix.png",".png","1738160","B6B29B548BF708677F5B918349647356DABF7FEF0FBB46C2FC9F150B2CF9A81F"
"assets\conteudos-instagram\posts-individuais\28-2026-09-08-preset-referencia.png",".png","1782744","EB59030717F7CF40F18406293427FE1A3B1D78DE41CC5657B8209318649CFDF9"
"assets\conteudos-instagram\posts-individuais\29-2026-09-09-biblioteca-enxuta.png",".png","2166050","99E21AFECDB8D3FA98C6A06BEC1F798687B800A83004AE8D40D0DE20F188A943"
"assets\conteudos-instagram\posts-individuais\30-2026-09-10-salve-antes-trocar.png",".png","1932183","5DFF6B34AD887CA5A0F4B7106EC4503FB2E875F07526BD28B68CDD472CDC6B46"
"assets\creativos-instagram\.DS_Store",".ds_store","8196","2D3579662EBD8BEEC0660B11028ED3917FA24FC7E7A6639F4F77649BCA705A2E"
"assets\creativos-instagram\40-criativos-instagram-1080x1080.zip",".zip","63245649","F3E97D56A791EF710351322AFCB92F98874276E209DAB37EB405A82140CB9DBD"
"assets\creativos-instagram\copys-meta-ads.csv",".csv","10518","B923744D73EC91A63E9A348876B07DCA90143433CA813BDD618365EF8A8F0CB1"
"assets\creativos-instagram\finais\01-guitarra-quantidade-tank-g.png",".png","1427405","E2BEC043DCCDE347DCF34C6753DAAA43575133C00C6CC70B21FC3B3435A9F467"
"assets\creativos-instagram\finais\02-guitarra-transformacao-cube-baby.png",".png","1553483","83CF11AD29D58B3747B51D8850C2B84E11472C5353547D318A360F6958C81795"
"assets\creativos-instagram\finais\03-guitarra-organizacao-annblack-box.png",".png","1468978","FF402FBA089F9F7E12DEB82E5AAB6CCE23DC5343B3F2D833A878906B4E0B3A7B"
"assets\creativos-instagram\finais\04-guitarra-universo-mk-300.png",".png","1546109","D6A19BF7738802D14ABF5355CDCCAE2F335DB38E9C75E55DEBADF83E21EBDA9C"
"assets\creativos-instagram\finais\05-guitarra-portabilidade-tank-mini.png",".png","1561036","EF8649BF03E416ED97F02206BF2DDB9E32C7C04DADC486CF0E3AB7AF09BE4C21"
"assets\creativos-instagram\finais\06-guitarra-compatibilidade-h8.png",".png","1447699","7EF610E3E6BD335BFA7A0966477CF16EAA566D64AF2F4D436732B0D1D623259D"
"assets\creativos-instagram\finais\07-guitarra-gabinetes-ir-box.png",".png","1734647","8EE29B7F3C95CCEF30841CE0A325FA3BD5488C324301661863FF80E7D5A6DC4E"
"assets\creativos-instagram\finais\08-guitarra-versatilidade-tank-g.png",".png","1734369","090C21095B96B02210D3BBF9A75AE5C1B79F1BA68A78A9D542595943A8C6F267"
"assets\creativos-instagram\finais\09-guitarra-garantia-annblack-box.png",".png","1496781","9D77813523901FFD6E5D55CA45BF33A637E8EB243DACF12B7782CB8A535C786D"
"assets\creativos-instagram\finais\10-guitarra-arquivos-aulas-cube-baby.png",".png","1476741","64B959E70D75E71861EB22FF4F836F6539B90E294F56006A10A065BB292198C0"
"assets\creativos-instagram\finais\11-baixo-quantidade-tank-b.png",".png","1739896","B3A5FBA41D78CDCF86926C9F0012E713960ABE195675E1546CD25DCC735999D3"
"assets\creativos-instagram\finais\12-baixo-definicao-cube-baby-bass.png",".png","1313015","CFF9D82E154E0C0BEEF5B385F012B765D25F85746E5927AB6E0A474E1716E266"
"assets\creativos-instagram\finais\13-baixo-organizacao-annblack-box.png",".png","1818510","B414630BE9878133B1268D0F2D772D228C4BC413A3FF2F205B9DCDD18E0397B8"
"assets\creativos-instagram\finais\14-baixo-versatilidade-mk-300.png",".png","1565349","174CEF21E23E77D6F74C9A96D7E2ECAA84367B049C66286CDAEA4E9BDF7C5DDC"
"assets\creativos-instagram\finais\15-baixo-grave-fundamental-ir-box.png",".png","1377228","439643F960EEF2A44B8737CB7D2D01DB9F129475BC3EB1A52931BA1965CAF6C6"
"assets\creativos-instagram\finais\16-baixo-mix-tank-b.png",".png","1639198","5EA63E42D1CAE7A54E6E62F8C8B545A611CFAD4AE8DFC972EDB81C9EBE734C72"
"assets\creativos-instagram\finais\17-baixo-pack-cube-baby-bass.png",".png","1368972","626A9B2D7543E0E3930113474898AB859D613FCAA3CAC1DFC6550CB97D89E441"
"assets\creativos-instagram\finais\18-baixo-garantia-annblack-box.png",".png","1484106","1C3D13FBDB0F0B32567B38DBF02494EFD37CEE2053CC76D1BE040CDC79AF622F"
"assets\creativos-instagram\finais\19-baixo-acesso-mk-300.png",".png","1746036","02E2B06BA8ECD41670CBB617715891B6E3BE20DC639F1CBF5BCC8C3D5832110E"
"assets\creativos-instagram\finais\20-baixo-oferta-tank-b.png",".png","1521508","29410A623376000328B4DA74D5FADA66AFDB077AAC3C576A993EA4C4399C9F07"
"assets\creativos-instagram\finais\21-violao-quantidade-cube-baby-ac.png",".png","1646003","A36270733BB6FCA98D2048A040AAE86C8DDE286F51D6A0CCFEF4CADA92A85E9A"
"assets\creativos-instagram\finais\22-violao-piezo-cube-baby-ac.png",".png","1679989","D53F105D220EEF888A4B1EDB45851A7BCC878264E74038C3C1BE4B3E1D0007EA"
"assets\creativos-instagram\finais\23-violao-madeira-ir-box.png",".png","1856600","14203D679E1C7ED62EED93460005ED60D1151A4EDC752202D0232F03C3564DF7"
"assets\creativos-instagram\finais\24-violao-organizacao-annblack-box.png",".png","1579346","EAE6A59F74BD70D8DC624DA7503059919FD51D8A39DC7D9E17C3E4DAEBE45516"
"assets\creativos-instagram\finais\25-violao-aco-nylon-mk-300.png",".png","1745793","B7099C82039D51825267660D0CAF3A2CC688BD14E003268F5509631FEA54E11C"
"assets\creativos-instagram\finais\26-violao-som-em-linha-cube-baby-ac.png",".png","1536741","44C0B81A06A11BBF2379EC6652BA3B8D584A2D16E99285798F1BDAD57D990B98"
"assets\creativos-instagram\finais\27-violao-garantia-annblack-box.png",".png","1553920","4E2715AE82B1D2255F1CA860DB93426C4DB1D0961ED2AE1025AB732F3CFF2737"
"assets\creativos-instagram\finais\28-violao-oferta-cube-baby-ac.png",".png","1461552","8F04A6D88624BACE2E44E5AC7E340A11D03F46102A37ACA7A8CCD0919A6B3BD2"
"assets\creativos-instagram\finais\29-violao-acesso-ir-box.png",".png","1540928","908FB77CBDB72000B6FD9D6F4D23BB5EEFADF7DFBA708B03759E6BE4F097489E"
"assets\creativos-instagram\finais\30-violao-variedade-cube-baby-ac.png",".png","1650532","62361DA9DD954BA517A204D0E9D54AE75CC1F1B8080F06167E6188DB1F4E25AB"
"assets\creativos-instagram\finais\31-completo-quantidade-tres-instrumentos.png",".png","1575680","9717CA9B9D18DF2D4CC236D432AAA1C1C50A4DFEC5FD5BB091DEE12827FF58B6"
"assets\creativos-instagram\finais\32-completo-organizacao.png",".png","1741140","CE64367B6DA10D73EDD367C9C5CBAA45C3FE264A78570862C0770B3B15F61DEB"
"assets\creativos-instagram\finais\33-completo-cube-baby-familia.png",".png","1563756","7CCDF9EBADA5CAA0FBDBDD8153638BD4AC82F756D7C053E60CAC43862DA661E5"
"assets\creativos-instagram\finais\34-completo-compatibilidade.png",".png","1381437","930A52C22C9643AA13CA84A254D90223E04FDF382AFC0613B864F1824FE37088"
"assets\creativos-instagram\finais\35-completo-eletrico-acustico.png",".png","1792977","BB7BD4D206D07FF5AD69DB73AD722B21A4961E5CE66BEC9A64C84163321A989E"
"assets\creativos-instagram\finais\36-completo-oferta.png",".png","1467040","A5C29171ADBB62E6E4BDD554745D890AC1546AE42DC2AA4FD26CAD3BB66B73CE"
"assets\creativos-instagram\finais\37-completo-garantia.png",".png","1610999","8355D4AECB2B5FE0760D77E47903C740270BEABA3C4FE241A200D3CA3B767582"
"assets\creativos-instagram\finais\38-completo-tempo.png",".png","1578574","514D8E55DB563FDC11C0638E67C2AB8CE6C8A0176CD38500D75E953A99F61A67"
"assets\creativos-instagram\finais\39-completo-tres-instrumentos.png",".png","1753998","EE2611D13BFDD792D88A4F3EBD5100D2FB6348319B3E13EA6A916C5F02E86C33"
"assets\creativos-instagram\finais\40-completo-colecao.png",".png","1490087","2E10F330DC892E0996B73EE901C71976E7D89E03CDF91A7B634BE674D0112455"
"assets\creativos-instagram\grade-contato-40.jpg",".jpg","299009","E70C3DEFA8C88338F1BE95BF60FB4DE67FA598C7318F62B20E624F7717D2C297"
"assets\creativos-instagram\LEIA-ME-COPYS-META.md",".md","1043","04F414F94DDD6E817D1046A3E89F45C4351365A20D3F88F5CA318B08ADEB2807"
"assets\creativos-instagram\referencias\annblack-box.webp",".webp","54848","0B864E9E9ACA6AB28CC6488801F5D85A08D5D732BC323BB27C310A61FC3CC508"
"assets\creativos-instagram\referencias\cube-baby.webp",".webp","38566","B569D42F9512EFA2CA6CCD45BE014AA70D90A36C504F97E3D7BB1308C86F3DE9"
"assets\creativos-instagram\referencias\cube-baby-ac.webp",".webp","31096","53B1EC33C735C81A29549BE6A71465FE44ABA3BDBFA1232898E04B81986559B6"
"assets\creativos-instagram\referencias\cube-baby-bass.webp",".webp","87504","09F901A42B083B5FA12522C56DD8E3017A27A82AAD819F180DFBC30CAA0543E4"
"assets\creativos-instagram\referencias\h8.webp",".webp","13850","E6D3E6DD07A1A181E4C85B7000CF30BA3BFF292C1ECC114B07107E1C1E77C364"
"assets\creativos-instagram\referencias\ir-box.webp",".webp","79708","1BD176A975645D13675EC6C6D47822418AEA89DF8775658BE7E92D9D7DE89D14"
"assets\creativos-instagram\referencias\mk-300.webp",".webp","150430","B14F0C5657A288E6000F654EB9FD1D0B556BD2F876FFBBD20B3AA083AD8173C1"
"assets\creativos-instagram\referencias\tank-b.webp",".webp","33276","F42097AA99717DB36518D8B383DC9B743CB792296F55CF0049D56D2EA55322A4"
"assets\creativos-instagram\referencias\tank-g.webp",".webp","37298","3D84948E512863E1503F018177F008E497AB8AE45CF02E230F02EDC5327AF49B"
"assets\creativos-instagram\referencias\tank-mini.webp",".webp","47258","C85E89D5C7CF6EBB7860ED471DE8275D6FB11C1A1138C8A74AD8B6738B4A039A"
"assets\img\.DS_Store",".ds_store","12292","4CFF678490F6A257286E26ACFF85E92FAE858BEF192317436DBB85AA4ECFAB5C"
"assets\img\3 Pedais Mvave (cubebay).png",".png","191506","109CF81A609477303FF0BC0E5AE4F5ADC7248C1FCBA22AB27D04A8634BCA040D"
"assets\img\Banner Principal.svg",".svg","4456040","A161AAF2FB7AC9EBED11828088AEF1AF423AC7B58F0A3F6A23AF4CFD6436986C"
"assets\img\banner-principal.webp",".webp","100924","6E13A1A269AA25DF092BE89837537F4DFA99F0434A76BF348A1439360DC802EE"
"assets\img\banner-principal-completo.png",".png","1879861","1AC4D154C9A1924E795531BED35C6FC34D26905C5EB7C1E6F02856454B1D9DD2"
"assets\img\banner-principal-completo.webp",".webp","117976","BB50C6FFCC5F36DAC451F6FD1530F635CE96AD30DDE15F5DC1BC23EF19252584"
"assets\img\equipment\akai-mpk-mini.webp",".webp","82972","8390EFEE98F25FD0484E78F4C2F672EEE112FFE9E44D880C197A4A79FDBB9073"
"assets\img\equipment\annblack-box.webp",".webp","54848","0B864E9E9ACA6AB28CC6488801F5D85A08D5D732BC323BB27C310A61FC3CC508"
"assets\img\equipment\arturia-minilab3.webp",".webp","47672","7D64596BC188B9BD8A211F18381E4432FF3FABF1E59C74912C5DBD6CC1C1F73C"
"assets\img\equipment\boss-ir2.webp",".webp","11804","62FF11085A58600302F8BF904E416840D9C88C7375820BBF6BEC6D3CA57DFC28"
"assets\img\equipment\chocolate.webp",".webp","20362","9EFE484170E81174DC544D329FDE6DAE4803767B0B5BD2562FD3230D756192B5"
"assets\img\equipment\chocolate-plus.webp",".webp","16794","7E3A51D88E9B5D257306C220B9BE118A3A32972F21432D700D1793C46D7FA4F7"
"assets\img\equipment\cube-baby.webp",".webp","38566","B569D42F9512EFA2CA6CCD45BE014AA70D90A36C504F97E3D7BB1308C86F3DE9"
"assets\img\equipment\cube-baby-ac.webp",".webp","31096","53B1EC33C735C81A29549BE6A71465FE44ABA3BDBFA1232898E04B81986559B6"
"assets\img\equipment\cube-baby-bass.webp",".webp","87504","09F901A42B083B5FA12522C56DD8E3017A27A82AAD819F180DFBC30CAA0543E4"
"assets\img\equipment\cube-turner-plus.webp",".webp","31604","A940EAAA5477B0CB1C8BD146706130363FBFEBFC893A998127D1A6B861EB088F"
"assets\img\equipment\cube-turner-pro.webp",".webp","49904","F9722D1248334F9BDA853AFBA278AD78D3F23BADEF43F07E0AD06792839CA8FA"
"assets\img\equipment\elemental.webp",".webp","64674","90672E26549E700BC0201AEAAC786BE818BB205BE165ABBD9FF2DBA814F33672"
"assets\img\equipment\elemental-pro.webp",".webp","58458","707AA8A7659BC150BCCA08D5C8CF2581DC84E32893B2F0DE69396BF9362F6B89"
"assets\img\equipment\galaxia.webp",".webp","47228","93F8F8397389E5089B02B9175D5A386120C7E8305A441230878EE265F0135007"
"assets\img\equipment\h8.webp",".webp","13850","E6D3E6DD07A1A181E4C85B7000CF30BA3BFF292C1ECC114B07107E1C1E77C364"
"assets\img\equipment\hotone-ampero-mini.webp",".webp","16240","7E4F1C3F0285F25F2937C783F8E1DE57B4FDE09954DC9426E0EDEBC643CA459A"
"assets\img\equipment\ir-box.webp",".webp","79708","1BD176A975645D13675EC6C6D47822418AEA89DF8775658BE7E92D9D7DE89D14"
"assets\img\equipment\line6-hx-stomp.webp",".webp","147698","46168E2AB168F43E83890602DBE9397EBC75D6630AD886C715021B9D75879758"
"assets\img\equipment\looper-drum.webp",".webp","76710","DE08A028A2CD8771F501E9FFB96B354F7B78592FEB5D0060F7CA8CF1EA53F0F2"
"assets\img\equipment\looper-pro.webp",".webp","30422","377A35FA1C68A790CF8EEF59B810649D1DC68824642B1C15A2217F9856C5DFA6"
"assets\img\equipment\midi-system.webp",".webp","31488","9E8F54CF5D3848DB807A5050D3201044A8AFE059739207AD7246ABAC00BC4F08"
"assets\img\equipment\mini-universe.webp",".webp","45626","EAF52EEC53D56F840AD574CD118E915D3282431C417BA384E12E8BED58C02A42"
"assets\img\equipment\mini-x.webp",".webp","13182","495CEC5DBEDB29A4B7335B324CB484996FEC6CB1CDF64B2E5DBD8F387B17EAAD"
"assets\img\equipment\mk-20.webp",".webp","38386","BB668E376465A43D4B7DEA49A9305661451AAB20656B2F9EE4469535AB3C8770"
"assets\img\equipment\mk-300.webp",".webp","150430","B14F0C5657A288E6000F654EB9FD1D0B556BD2F876FFBBD20B3AA083AD8173C1"
"assets\img\equipment\nux-mighty-plug-pro.webp",".webp","9922","C1A1D97028E5B617BFB037148624E012F7ACC394C79C84795A2EF129C896F7EB"
"assets\img\equipment\originals\akai-mpk-mini.webp",".webp","82972","8390EFEE98F25FD0484E78F4C2F672EEE112FFE9E44D880C197A4A79FDBB9073"
"assets\img\equipment\originals\annblack-box.webp",".webp","54848","0B864E9E9ACA6AB28CC6488801F5D85A08D5D732BC323BB27C310A61FC3CC508"
"assets\img\equipment\originals\arturia-minilab3.png",".png","720752","05983EDDFF82A586213F67D5C87E25D23370BF4FB4A1AF359A4AC6DE0588FF6B"
"assets\img\equipment\originals\boss-ir2.jpg",".jpg","30364","A118B1680E743C1E8FC7CB3D73659F2526897D0595C6F8263C414A27A52BA586"
"assets\img\equipment\originals\chocolate.webp",".webp","20362","9EFE484170E81174DC544D329FDE6DAE4803767B0B5BD2562FD3230D756192B5"
"assets\img\equipment\originals\chocolate-plus.webp",".webp","16794","7E3A51D88E9B5D257306C220B9BE118A3A32972F21432D700D1793C46D7FA4F7"
"assets\img\equipment\originals\cube-baby.webp",".webp","38566","B569D42F9512EFA2CA6CCD45BE014AA70D90A36C504F97E3D7BB1308C86F3DE9"
"assets\img\equipment\originals\cube-baby-ac.webp",".webp","31096","53B1EC33C735C81A29549BE6A71465FE44ABA3BDBFA1232898E04B81986559B6"
"assets\img\equipment\originals\cube-baby-bass.webp",".webp","87504","09F901A42B083B5FA12522C56DD8E3017A27A82AAD819F180DFBC30CAA0543E4"
"assets\img\equipment\originals\cube-turner-plus.webp",".webp","31604","A940EAAA5477B0CB1C8BD146706130363FBFEBFC893A998127D1A6B861EB088F"
"assets\img\equipment\originals\cube-turner-pro.webp",".webp","49904","F9722D1248334F9BDA853AFBA278AD78D3F23BADEF43F07E0AD06792839CA8FA"
"assets\img\equipment\originals\elemental.webp",".webp","64674","90672E26549E700BC0201AEAAC786BE818BB205BE165ABBD9FF2DBA814F33672"
"assets\img\equipment\originals\elemental-pro.webp",".webp","58458","707AA8A7659BC150BCCA08D5C8CF2581DC84E32893B2F0DE69396BF9362F6B89"
"assets\img\equipment\originals\galaxia.webp",".webp","47228","93F8F8397389E5089B02B9175D5A386120C7E8305A441230878EE265F0135007"
"assets\img\equipment\originals\h8.webp",".webp","13850","E6D3E6DD07A1A181E4C85B7000CF30BA3BFF292C1ECC114B07107E1C1E77C364"
"assets\img\equipment\originals\hotone-ampero-mini.jpg",".jpg","34652","84A8939F5EC931D6566FFEFA7E5E1CF8E62FE8302BA0103FC13D4F7265720E2E"
"assets\img\equipment\originals\ir-box.webp",".webp","79708","1BD176A975645D13675EC6C6D47822418AEA89DF8775658BE7E92D9D7DE89D14"
"assets\img\equipment\originals\line6-hx-stomp.jpg",".jpg","486258","38A3436300980CA2D693448D02C2B60A27CEBBE034F55B5F977D30D04CAE36BA"
"assets\img\equipment\originals\looper-drum.webp",".webp","76710","DE08A028A2CD8771F501E9FFB96B354F7B78592FEB5D0060F7CA8CF1EA53F0F2"
"assets\img\equipment\originals\looper-pro.webp",".webp","30422","377A35FA1C68A790CF8EEF59B810649D1DC68824642B1C15A2217F9856C5DFA6"
"assets\img\equipment\originals\midi-system.webp",".webp","31488","9E8F54CF5D3848DB807A5050D3201044A8AFE059739207AD7246ABAC00BC4F08"
"assets\img\equipment\originals\mini-universe.webp",".webp","45626","EAF52EEC53D56F840AD574CD118E915D3282431C417BA384E12E8BED58C02A42"
"assets\img\equipment\originals\mini-x.webp",".webp","13182","495CEC5DBEDB29A4B7335B324CB484996FEC6CB1CDF64B2E5DBD8F387B17EAAD"
"assets\img\equipment\originals\mk-20.webp",".webp","38386","BB668E376465A43D4B7DEA49A9305661451AAB20656B2F9EE4469535AB3C8770"
"assets\img\equipment\originals\mk-300.webp",".webp","150430","B14F0C5657A288E6000F654EB9FD1D0B556BD2F876FFBBD20B3AA083AD8173C1"
"assets\img\equipment\originals\nux-mighty-plug-pro.jpg",".jpg","93431","183BFE7C5BF1E6AABC1A046A31C75D41ACDC5A9DD55C8C56529484E5CBB785E9"
"assets\img\equipment\originals\pocket-amp.webp",".webp","75936","3EC83664B7AAB60A43CA7AF481C5C414713E5918621943BA0D4B3DC2ABC1EADB"
"assets\img\equipment\originals\smc-mixer.webp",".webp","31806","CF9C1D0CF902598A59B3EE1FDEE8B6AD0D411353752A2B51800E70527974105E"
"assets\img\equipment\originals\smc-pad.webp",".webp","39924","F09D68D856C5A1564629ADC080034B353D38FB3910994C1A441D2AA4C2225AFA"
"assets\img\equipment\originals\smc-pad-pocket.webp",".webp","27004","4621AE28448968D47609A7FFBCF8AF7423BDD74090C8BE3FE537B997C21DC901"
"assets\img\equipment\originals\smk25.webp",".webp","20108","B2AF36056A6873B193DC28917811F8735200406120643E1D93254BE9E6AD0431"
"assets\img\equipment\originals\smk25-ii.webp",".webp","37894","D3D7E31261262566449D02A6E7CF10FC01EADB743810FC1ADC9A3217E2C66EBA"
"assets\img\equipment\originals\smk25-mini.webp",".webp","74174","10E1A378184EBF4756EB82211CF86AB23079D2A599010D81B7986004C2FE3033"
"assets\img\equipment\originals\smk37-elite.webp",".webp","41700","82810DEFF604ADB34C14C7B79E15A43BDB249253C8C489243EC898C11EDBB71F"
"assets\img\equipment\originals\smk37-pro.webp",".webp","36266","12CDD993C4D744E79AA2BD1475EC3686AEF7B1F0BC79C2AC4E02EA134556B4D2"
"assets\img\equipment\originals\sonicake-matribox-ii.jpg",".jpg","295820","3DB82303EB76938D12A4D7B037BD139875DFF152A2C3C23212A48CB11B320FCC"
"assets\img\equipment\originals\tank-b.webp",".webp","33276","F42097AA99717DB36518D8B383DC9B743CB792296F55CF0049D56D2EA55322A4"
"assets\img\equipment\originals\tank-g.webp",".webp","37298","3D84948E512863E1503F018177F008E497AB8AE45CF02E230F02EDC5327AF49B"
"assets\img\equipment\originals\tank-mini.webp",".webp","47258","C85E89D5C7CF6EBB7860ED471DE8275D6FB11C1A1138C8A74AD8B6738B4A039A"
"assets\img\equipment\originals\tank-pro.webp",".webp","107654","7F8463DA3D00F0CEAB011F1866894A5A1740EF2C5B59D946DEA92305299131C9"
"assets\img\equipment\originals\valeton-gp200.png",".png","876740","141DA06A75794BC7DCEEEDB9AE73001B6A9C450C5CA2A804AB7EDB5A6C2841C3"
"assets\img\equipment\originals\wp-5g.jpg",".jpg","57140","290F9DE62D4396CF295EAC3EC9E6D4ADE51E1A1D1D042DE236A92D671303CD4F"
"assets\img\equipment\originals\zoom-g1x-four.png",".png","1426841","941DF290BD6CE0648370CB3C1E31980FD6622172435E46F9FBC4B06300B07CD0"
"assets\img\equipment\pocket-amp.webp",".webp","75936","3EC83664B7AAB60A43CA7AF481C5C414713E5918621943BA0D4B3DC2ABC1EADB"
"assets\img\equipment\README.md",".md","656","980CADC274CB148D9E64F2643EC3E8150E4B1D212C0BD19E7DEE357F5C234C5E"
"assets\img\equipment\smc-mixer.webp",".webp","31806","CF9C1D0CF902598A59B3EE1FDEE8B6AD0D411353752A2B51800E70527974105E"
"assets\img\equipment\smc-pad.webp",".webp","39924","F09D68D856C5A1564629ADC080034B353D38FB3910994C1A441D2AA4C2225AFA"
"assets\img\equipment\smc-pad-pocket.webp",".webp","27004","4621AE28448968D47609A7FFBCF8AF7423BDD74090C8BE3FE537B997C21DC901"
"assets\img\equipment\smk25.webp",".webp","20108","B2AF36056A6873B193DC28917811F8735200406120643E1D93254BE9E6AD0431"
"assets\img\equipment\smk25-ii.webp",".webp","37894","D3D7E31261262566449D02A6E7CF10FC01EADB743810FC1ADC9A3217E2C66EBA"
"assets\img\equipment\smk25-mini.webp",".webp","74174","10E1A378184EBF4756EB82211CF86AB23079D2A599010D81B7986004C2FE3033"
"assets\img\equipment\smk37-elite.webp",".webp","41700","82810DEFF604ADB34C14C7B79E15A43BDB249253C8C489243EC898C11EDBB71F"
"assets\img\equipment\smk37-pro.webp",".webp","36266","12CDD993C4D744E79AA2BD1475EC3686AEF7B1F0BC79C2AC4E02EA134556B4D2"
"assets\img\equipment\sonicake-matribox-ii.webp",".webp","253932","D9A08EA0774C133E03E3408236F21CA72061A45AC1E32D0D67B3EF60B71BF7B8"
"assets\img\equipment\sources.json",".json","15926","55BFEA723764873AD8375028DA71CC2BB295B8FB498DD2B855E06C76F8643BBF"
"assets\img\equipment\tank-b.webp",".webp","33276","F42097AA99717DB36518D8B383DC9B743CB792296F55CF0049D56D2EA55322A4"
"assets\img\equipment\tank-g.webp",".webp","37298","3D84948E512863E1503F018177F008E497AB8AE45CF02E230F02EDC5327AF49B"
"assets\img\equipment\tank-mini.webp",".webp","47258","C85E89D5C7CF6EBB7860ED471DE8275D6FB11C1A1138C8A74AD8B6738B4A039A"
"assets\img\equipment\tank-pro.webp",".webp","107654","7F8463DA3D00F0CEAB011F1866894A5A1740EF2C5B59D946DEA92305299131C9"
"assets\img\equipment\valeton-gp200.webp",".webp","122050","6271F994E8B65E5C4BDE9584D051B1BC12F6AA04CA1E222DE817DC2346243587"
"assets\img\equipment\wp-5g.webp",".webp","166334","BEDD98DACEEE1A47A00BF897627E8175A98B71E9229449F49CF81A33E20844D0"
"assets\img\equipment\zoom-g1x-four.webp",".webp","68238","06DA3F76BC77CF1A87B39FC020D71126D39B0DFDC979E77CDA7C68BEF5476EB2"
"assets\img\favicon.svg",".svg","26426","1DC00A83962300A2AF035250834F25243803ED8CC0B01C9C472D7EE36022460B"
"assets\img\generated\ir-studio-hero.webp",".webp","79120","785B01DEB479A985C14C3511DFC713DA6EA861464D325DEAD42D98FE8F539251"
"assets\img\generated\ir-studio-hero-source.png",".png","1647319","67684A6901A3737D88FEBBB3EDFC95BA16B1CCAD77E35E58E2A289303CE9B981"
"assets\img\Logo Home\.DS_Store",".ds_store","6148","EB651D28B0E85232E520875359405604FFF79E4DAA4260D2A54AE482303E6A48"
"assets\img\Logo Home\Logo Site Mvave Amarela e Branca.png",".png","13186","6E024CB59F19CD0C0B7B9B0B0CC4C088DFA63B2AA544CE08D21A10C46B658549"
"assets\img\Logo Home\Logo Site Mvave Amarela e Preta.png",".png","12442","23762BFF596995C5A4593B119D86F7D2A7F03C116E3086B5548192DD68377C72"
"assets\img\Logo Home\Logo Site Mvave Azul e Preta.png",".png","11624","39F3B6E4110C41B482A69D0B3F90E8EA771CC56AD04B18955BCE8BF7841B6D7F"
"assets\img\Logo Home\Logo Site Mvave Branca.png",".png","11445","F7E00A969277BE3802A0C2F65170CB854C944CB4455AB4743DEE660DA662916B"
"assets\img\Logo Home\Logo Site Mvave Preta.png",".png","9150","E1B8FD2B62F0A6CA6B04EFA1824B224700FDC6BB96286549943A0DB86BC0EB5F"
"assets\img\social\stories\01-cube-baby.png",".png","1460540","F46E517D2F8D48641E34E0AB9E0B4417333B09CBDACCE867534971938EB9E03F"
"assets\img\social\stories\01-cube-baby.svg",".svg","4404","D1C9BA2F1FA239034165B94F552662D6EEAAD705594EA9FC82C43B0FEBB2CC9D"
"assets\img\social\stories\02-cube-baby-bass.png",".png","1625503","221E156D25932EA8F8F0DF8D4DF66734D115AB5F49D5613BB26FD47A2EC128E7"
"assets\img\social\stories\02-cube-baby-bass.svg",".svg","4418","C387B263249DA50A18C9408F41593BD84133B80E6EF6A183FC850B97F469069C"
"assets\img\social\stories\03-ir-box.png",".png","1637004","AA88C12556CF74F0A1C1C8BAEB02AFCBA04765D0CF3DA6427BFB6A950189A246"
"assets\img\social\stories\03-ir-box.svg",".svg","4400","729FFD4CC58A020FA6F7F51C2398C8CBC3096C4D488D27B37C641DC9E6B4AEE9"
"assets\img\social\stories\04-looper-pro.png",".png","1479960","E83A3B0B246ABBC336252235F6895403F3354B66FB0E87103459A3ACB6A265D0"
"assets\img\social\stories\04-looper-pro.svg",".svg","4405","090BAD8328F15FD5080BBC08CA453DA977EAFDAA7125344AE4BC88C87F63B229"
"assets\img\social\stories\05-mini-universe.png",".png","1572021","8F950EAAACA4BB61EBEAFB43F6A729C8421531D36A4FBAC3C7863BD7E62A8DDB"
"assets\img\social\stories\05-mini-universe.svg",".svg","4410","F301E419064835598A6857C4E07544FC55F3312057466EEB0E05688C3602743B"
"assets\img\social\stories\06-looper-drum.png",".png","1499262","D5FCD406C910E726953EE1DD382109DA911E149856F2FF9C7753DC1918922D66"
"assets\img\social\stories\06-looper-drum.svg",".svg","4408","CFB8B881C5DD430530D6C577D570D0B1A8335F6DBCC80C5D0A3B59837857A725"
"assets\img\social\stories\07-mk-20.png",".png","1390232","CD114A982CAEA5D13C294BF1A696DFA586746487A6C9146D772DCCA791F82CA2"
"assets\img\social\stories\07-mk-20.svg",".svg","4405","01C52F476D5C2FE49B6E873911BC3E415D2FBA7D537D3C4C9CF987775A55B636"
"assets\img\social\stories\08-mk-300.png",".png","1530487","63164C58DC0B57047D61D8AE1CF789F081624BC11FF358C7450D7DDA4FA1BACC"
"assets\img\social\stories\08-mk-300.svg",".svg","4406","AED62F45F70C35B4B58AF18DDE858E8A5D97A446E02E2F1DDF4DE9636CC43911"
"assets\img\social\stories\09-cube-baby-ac.png",".png","1502347","1E2D6E19DFF66D93ACF8EB07E64D9F84EAC257C6B75297C4C378DC7200691664"
"assets\img\social\stories\09-cube-baby-ac.svg",".svg","4416","D25364C56BDF190DD9AAED9A6C67874EC0232EFB7FF7329119F8507F91091A3C"
"assets\img\social\stories\10-elemental.png",".png","1600497","E0C2BC4310623BBCD6C17147D86A3E08B10563CC40D3C9CA49E2AFF41B50D89C"
"assets\img\social\stories\10-elemental.svg",".svg","4402","E243B090E0CC9782884B82808116E5694689261627D5FDD9A197C2FFABC6C7A6"
"assets\img\social\stories\11-chocolate.png",".png","1422572","2F6260D4A2428E8A8BD7251672F44D5F3837831940817F74D76010891A07A7F3"
"assets\img\social\stories\11-chocolate.svg",".svg","4416","DFC2608BA5355BC9AB65D8A16BC7BC9A6CE31C26CC0E3FC03C364527D89B4B0C"
"assets\img\social\stories\12-chocolate-plus.png",".png","1421978","E28AC8DFE6E6C927F05A80948FD6419DDB56616D0A163658F619CA96AEB6A8A3"
"assets\img\social\stories\12-chocolate-plus.svg",".svg","4423","BD1C8D24B4378DBC8E09D52FE3CED9BF6714A7EC4E1C59B780BCEF8263CC5485"
"assets\img\social\stories\13-cube-turner-plus.png",".png","1401699","81374AC34F16B7B8DEA9C2FDB2B4346640302038940AEAC89ECB9E30198069AE"
"assets\img\social\stories\13-cube-turner-plus.svg",".svg","4427","4E8626145AB272511DA54060CD15185568E16A0F23D81B538159A70FF4CDB4E9"
"assets\img\social\stories\14-cube-turner-pro.png",".png","1536682","799A8EECF9F66D5E63EC87EC38394E2CB6B826C50F4C1659432D1096E39820B2"
"assets\img\social\stories\14-cube-turner-pro.svg",".svg","4427","2A15186DDFB6EC652683EAEF1005AD3A697829B231CCE094BF26832E723A6EBB"
"assets\img\social\stories\15-wp-5g.png",".png","1384561","A8193056B9AA8D6FE2E3D1C63DBBEE3AA863FA3FE364DE0D3E2DBB6C611C4907"
"assets\img\social\stories\15-wp-5g.svg",".svg","4413","5EF5DC7BA4E5AB9D0261E5CC3A090E484CF092CD5456FE22D9508D51B335FE64"
"assets\img\social\stories\16-mini-x.png",".png","1477604","CD12E095B07F1EC6F1241A04D65333CADE03189FDCFF0470F819AFDCCEA0373E"
"assets\img\social\stories\16-mini-x.svg",".svg","4409","FFE1D2E1FCD63E6F77C6EDACF4D0B549BAAD7856EF97CB71EB908EBC5434BD32"
"assets\img\social\stories\17-smc-pad.png",".png","1402265","2D17CF3DDAC4CCC5053766F500E7C151D2A6D04908CC81AAD83C46280C3607BF"
"assets\img\social\stories\17-smc-pad.svg",".svg","4410","8047E259B0ADF0E10DDA8AB091BD16E88FE602D0022E82547869FA0235BFEEF3"
"assets\img\social\stories\18-smk25-mini.png",".png","1421050","6AAE1158ED28880EE0C6EA6E28FD83229EBA673D3EBAD7832ECDD2A3018A51AA"
"assets\img\social\stories\18-smk25-mini.svg",".svg","4418","16569D785A190F8C900A91D83D70BF633BFC594BCBFE52A9E18F1D8BC8F02F32"
"assets\img\social\stories\README.md",".md","1518","F6332E46F480561D7B175D9A9B57B4ADFE552107E6E46C53C4D4F65D7C27E9D8"
"assets\img\social\stories-grade-contato.jpg",".jpg","98381","40896CE91C06B6C32466BC9C80B0D4D8EA8E1510D85B30C6268AAF0884BE49C2"
"assets\img\social\story-campaign-background.png",".png","1376282","3AF5020E90F5F382304E5D3D0AE0976E4F32FB5C1DF00E0370377D260F73EE7C"
"assets\img\social\story-campaign-background-budget.png",".png","1326777","CB793ADFF092980829BB91BB847D9EDECBA3F79AE365466724766B57EC738A71"
