"id","produto","categoria","catalogo_local","arquivo","bytes","sha256","url_manual","url_produto","status","erro"
"smk25-ii","SMK25-II","midi","true","pdf/midi/001-smk25-ii.pdf","1416776","2cef846cf349995228f5f47af3dac6bd476898c8e47081afdd4572ec6c02f790","https://manualf.oss-cn-hongkong.aliyuncs.com/manual/MIDI-KEYBOARD/SMK-25-2-MIDI.pdf","https://www.m-vave.com/product.html?id=smk25-ii","downloaded",""
"smk25","SMK25","midi","true","pdf/midi/002-smk25.pdf","1883375","36ff04096011931e735a7bcab086fecb62ce2ce8b4fc631eb461f7aece57728b","https://manualf.oss-cn-hongkong.aliyuncs.com/manual/MIDI-KEYBOARD/SMK-25-MIDI.pdf","https://www.m-vave.com/product.html?id=smk25","downloaded",""
"smk25-black","SMK-25 Black","midi","false","pdf/midi/003-smk-25-black.pdf","1883375","36ff04096011931e735a7bcab086fecb62ce2ce8b4fc631eb461f7aece57728b","https://manualf.oss-cn-hongkong.aliyuncs.com/manual/MIDI-KEYBOARD/SMK-25-MIDI.pdf","https://www.m-vave.com/product.html?id=smk25-black","downloaded",""
"smk-37-pro","SMK-37 PRO","midi","true","pdf/midi/004-smk-37-pro.pdf","1889968","cfb64c48e5b382b45b116d896fbc2b0fb1e0eaaff6f14506fd1066a0f7954914","https://manualf.oss-cn-hongkong.aliyuncs.com/manual/MIDI-KEYBOARD/SMK-37PRO.pdf","https://www.m-vave.com/product.html?id=smk-37-pro","downloaded",""
"smk-37-elite","SMK-37 ELITE","midi","true","pdf/midi/005-smk-37-elite.pdf","3559735","881666099b0b3ef1c0862f485392025efc3598c3521f1bdebe0196ae3b00f8de","https://manualf.oss-cn-hongkong.aliyuncs.com/manual/MIDI-KEYBOARD/SMK-37Elite-manual.pdf","https://www.m-vave.com/product.html?id=smk-37-elite","downloaded",""
"fm-1","FM-1","midi","false","pdf/midi/006-fm-1.pdf","1033110","9ca4e9d69138ed3d3c266184498acb670939b290975839b8505309f296c1f993","https://manualf.oss-cn-hongkong.aliyuncs.com/manual/MIDI-KEYBOARD/FM-1-manual.pdf","https://www.m-vave.com/product.html?id=fm-1","downloaded",""
"smc-pad","SMC-PAD","midi","true","pdf/midi/007-smc-pad.pdf","1789762","552f53ad4f77e4a42d900cda86fff0257e6421f2ca3a0cfa402e854ca7bc48db","https://manualf.oss-cn-hongkong.aliyuncs.com/manual/MIDI-KEYBOARD/SMC-PAD_ZE.pdf","https://www.m-vave.com/product.html?id=smc-pad","downloaded",""
"smc-mixer","SMC-Mixer","midi","true","pdf/midi/008-smc-mixer.pdf","824073","b396005e4a3973cc216ba4151bf3f765d9f2b10af5656b599e807eced7dcb289","https://manualf.oss-cn-hongkong.aliyuncs.com/manual/MIDI-KEYBOARD/SMC-MIXER_ZE.pdf","https://www.m-vave.com/product.html?id=smc-mixer","downloaded",""
"sws11","SWS11","wireless","false","pdf/wireless/009-sws11.pdf","649132","65d08a690a6cfd9caaba49502803c6810bb5f60efd767f7be95d4ccf28d3433b","https://manualf.oss-cn-hongkong.aliyuncs.com/manual/Wireless/SWS11-manual.pdf","https://www.m-vave.com/product.html?id=sws11","downloaded",""
"wp-9","WP-9","wireless","false","pdf/wireless/010-wp-9.pdf","1114091","007447995367833c3f40a93043e27299640dff6ca2dac9d52b333abca2f1883a","https://manualf.oss-cn-hongkong.aliyuncs.com/manual/Wireless/WS9.pdf","https://www.m-vave.com/product.html?id=wp-9","downloaded",""
"tank-g","TANK-G","multi","true","pdf/multi/011-tank-g.pdf","1437670","ec8786cb020ff69d08013329bd695750897fac89b97b695259caddc646bd755a","https://manualf.oss-cn-hongkong.aliyuncs.com/manual/Combined-Effect-Pedals/TANK-G-Z.pdf","https://www.m-vave.com/product.html?id=tank-g","downloaded",""
"tank-pro","TANK-PRO","multi","true","pdf/multi/012-tank-pro.pdf","1547165","c1156661d0b30549298f9cee9b91bdb58fc87dcf20637985a04a74feaaa73319","https://manualf.oss-cn-hongkong.aliyuncs.com/manual/Combined-Effect-Pedals/TANK-PRO.pdf","https://www.m-vave.com/product.html?id=tank-pro","downloaded",""
"mk-300","MK-300","multi","true","pdf/multi/013-mk-300.pdf","1357388","7ec5783f02f4885a7277313e1c9833d4ecbc2b328d6b6c1054bdd4f834f93eeb","https://manualf.oss-cn-hongkong.aliyuncs.com/manual/Combined-Effect-Pedals/MK-300.pdf","https://www.m-vave.com/product.html?id=mk-300","downloaded",""
"mini-universe","MINI-UNIVERSE","pedal","true","pdf/pedal/014-mini-universe.pdf","401453","a5d776e4daa20c74732df85197f7128ef5c50ce03b0889d5c2977c823275f7c9","https://manualf.oss-cn-hongkong.aliyuncs.com/manual/MINI-PEDAL/MINI-UNIVERSE.pdf","https://www.m-vave.com/product.html?id=mini-universe","downloaded",""
"galaxia","GALAXIA","pedal","true","pdf/pedal/015-galaxia.pdf","1108254","631f386ff33bf42038e1e2599073a5a8f1fd9590bc5d6c5145a7cc666fd1c3cd","https://manualf.oss-cn-hongkong.aliyuncs.com/manual/MINI-PEDAL/Galaxia.pdf","https://www.m-vave.com/product.html?id=galaxia","downloaded",""
"elemental-pro","ELEMENTAL PRO","pedal","true","pdf/pedal/016-elemental-pro.pdf","1144355","878749afac9fe89adee75039e7bab7b29603facdcc585b67f22b33bc5278b102","https://manualf.oss-cn-hongkong.aliyuncs.com/manual/MINI-PEDAL/ELEMENTAL-PRO.pdf","https://www.m-vave.com/product.html?id=elemental-pro","downloaded",""
"classic-delay","Classic DELAY","pedal","false","pdf/pedal/017-classic-delay.pdf","340769","1e7ba0affc10934aef3dd949938f3077183de0c6c99cc013a6bd2d77e93c7a68","https://manualf.oss-cn-hongkong.aliyuncs.com/manual/MINI-PEDAL/CLASSIC-DELAY.pdf","https://www.m-vave.com/product.html?id=classic-delay","downloaded",""
"classic-delay-pd18","Classic DELAY PD18","pedal","false","pdf/pedal/018-classic-delay-pd18.pdf","866602","c968443b6ad45bb53cec1dd344c6cd70acc2cebad85c6bc34fd3d2173c096beb","https://manualf.oss-cn-hongkong.aliyuncs.com/manual/MINI-PEDAL/%28PD18%29_CLASSIC%20DELAY.pdf","https://www.m-vave.com/product.html?id=classic-delay-pd18","downloaded",""
"loop-ii","LOOP II","pedal","false","pdf/pedal/019-loop-ii.pdf","499798","5957936ec2ed1e045c9984f322250e6cea0c9abfc0bc64b48be7b8d7265b5a0f","https://manualf.oss-cn-hongkong.aliyuncs.com/manual/MINI-PEDAL/LOOP-2.pdf","https://www.m-vave.com/product.html?id=loop-ii","downloaded",""
"chocolate-plus","CHOCOLATE PLUS","cat_control_pedals","true","pdf/cat-control-pedals/020-chocolate-plus.pdf","348858","4d2858ce41f6171c7e0155921c7dd15e84dee5884ed22cac5ce838a25abe563d","https://manualf.oss-cn-hongkong.aliyuncs.com/manual/CUBE-TURNER/Chocolate-Plus.pdf","https://www.m-vave.com/product.html?id=chocolate-plus","downloaded",""
"cube-turner-pro","CUBE TURNER PRO","cat_control_pedals","true","pdf/cat-control-pedals/021-cube-turner-pro.pdf","567961","bc1b7a7112832a1bcf15466a94f31062884bc604e92900cd8cc1793c6c8554d8","https://manualf.oss-cn-hongkong.aliyuncs.com/manual/CUBE-TURNER/Cube-Turner-PRO.pdf","https://www.m-vave.com/product.html?id=cube-turner-pro","downloaded",""
"pocket-amp","POCKET AMP","multi","true","pdf/multi/022-pocket-amp.pdf","1268867","68ef81e33eaa574d1dd95fd1f87620db672934954cc846553477ddb38a531aee","https://manualf.oss-cn-hongkong.aliyuncs.com/manual/Combined-Effect-Pedals/SK17-Pocket-amp.pdf","https://www.m-vave.com/product.html?id=pocket-amp","downloaded",""
"pocket-combo","POCKET COMBO","speaker","false","pdf/speaker/023-pocket-combo.pdf","990106","4116bc5eebb236be4c5b7ba3c627a876fb62981def00a20b2ab9fa45964fba17","https://manualf.oss-cn-hongkong.aliyuncs.com/manual/ODM/Pocket-CAB.pdf","https://www.m-vave.com/product.html?id=pocket-combo","downloaded",""
"smk25-mini","SMK25 Mini","midi","true","pdf/midi/024-smk25-mini.pdf","923156","9316a52a82ad817af8a7f726e6ed2322aa76bc4a8ae2cba233acc8ef4f882f5f","https://manualf.oss-cn-hongkong.aliyuncs.com/manual/MIDI-KEYBOARD/SMK-25-MINI.pdf","https://www.m-vave.com/product.html?id=smk25-mini","downloaded",""
"smc-pad-pocket","SMC-PAD Pocket","midi","true","pdf/midi/025-smc-pad-pocket.pdf","483139","69c7e2acba00d0062854e44d10d8780232d3712b99576a1a57eed22906108298","https://manualf.oss-cn-hongkong.aliyuncs.com/manual/MIDI-KEYBOARD/SMC-PAD-POCKET.pdf","https://www.m-vave.com/product.html?id=smc-pad-pocket","downloaded",""
"cube-baby","CUBE BABY","multi","true","pdf/multi/026-cube-baby.pdf","1308277","2468461084e089cec8ae63215374e418ff682bafd4f5fb65ef37e989d1b5857b","https://manualf.oss-cn-hongkong.aliyuncs.com/manual/Combined-Effect-Pedals/CUBE-BABY.pdf","https://www.m-vave.com/product.html?id=cube-baby","downloaded",""
"mini-x","MINI-X","multi","true","pdf/multi/027-mini-x.pdf","620079","a2bd0958cec88a38e19ccb67278d6b3e1ffe570ce35d66db4dbb08d3877d553b","https://manualf.oss-cn-hongkong.aliyuncs.com/manual/Combined-Effect-Pedals/MINI-X.pdf","https://www.m-vave.com/product.html?id=mini-x","downloaded",""
"sp100","SP100","multi","false","pdf/multi/028-sp100.pdf","1472170","184a4a127c24d22abd075ab10a92aece2952138cd9fb516fad3ed48f696d6d4e","https://manualf.oss-cn-hongkong.aliyuncs.com/manual/SP100/SP100.pdf","https://www.m-vave.com/product.html?id=sp100","downloaded",""
"mk-20","MK-20","multi","true","pdf/multi/029-mk-20.pdf","1218694","cb2521e8ea64894ef35a2e1f7ffcce00c909a07bcb6512bd31f95eb338229b37","https://manualf.oss-cn-hongkong.aliyuncs.com/manual/Combined-Effect-Pedals/MK-20.pdf","https://www.m-vave.com/product.html?id=mk-20","downloaded",""
"annblack-box","ANNBLACK BOX","multi","true","pdf/multi/030-annblack-box.pdf","773332","65f1177f525b166045ed529fdb85a8acbef8a50b8805b25fcf3e3e50ccc92d55","https://manualf.oss-cn-hongkong.aliyuncs.com/manual/Combined-Effect-Pedals/BLACKBOX.pdf","https://www.m-vave.com/product.html?id=annblack-box","downloaded",""
"tank-mini","TANK MINI","multi","true","pdf/multi/031-tank-mini.pdf","867008","4f49b7b2a9c9fe9d2f2cad3e337f697da677d9c14eb5f1fca0fe447870cfba96","https://manualf.oss-cn-hongkong.aliyuncs.com/manual/Combined-Effect-Pedals/TANK-MINI.pdf","https://www.m-vave.com/product.html?id=tank-mini","downloaded",""
"looper-drum","LOOPER DRUM","multi","true","pdf/multi/032-looper-drum.pdf","861497","aebc73961cd0a78db2f423688e32ec51d791c04d9228108355ea9f3061cf5581","https://manualf.oss-cn-hongkong.aliyuncs.com/manual/DRUM-LOOPER-PEDAL/DRUM-LOOPER-PEDAL.pdf","https://www.m-vave.com/product.html?id=looper-drum","downloaded",""
"midi-system","MIDI SYSTEM","wireless","true","pdf/wireless/033-midi-system.pdf","577309","b7b8b7797731ad9969cbccd8cec5ed0f2d3777f86913d867903acabe6e69b35f","https://manualf.oss-cn-hongkong.aliyuncs.com/manual/Wireless/MIDI-SYSTEM.pdf","https://www.m-vave.com/product.html?id=midi-system","downloaded",""
"sk7","SK7","wireless","false","pdf/wireless/034-sk7.pdf","303908","ae99af62f026abb53bb4c6c6f21f4be5c02562a5155bb44782a33003606c3537","https://manualf.oss-cn-hongkong.aliyuncs.com/manual/Wireless/SK7.pdf","https://www.m-vave.com/product.html?id=sk7","downloaded",""
"wireless-earphone","WP-12","wireless","false","pdf/wireless/035-wp-12.pdf","654452","70cb4f20aaf04fa16a788c4c76b73b2319ee4a6abbf1d7b7e828d2d15a94c23e","https://manualf.oss-cn-hongkong.aliyuncs.com/manual/Wireless/WS12.pdf","https://www.m-vave.com/product.html?id=wireless-earphone","downloaded",""
"wp-13","WP-13","wireless","false","pdf/wireless/036-wp-13.pdf","515440","f68b9c0da4fadb10e29e256f20feaf7589533219b8282a25cab3565c4a92b0fc","https://manualf.oss-cn-hongkong.aliyuncs.com/manual/Wireless/WS13.pdf","https://www.m-vave.com/product.html?id=wp-13","downloaded",""
"wp-7","WP-7","wireless","false","pdf/wireless/037-wp-7.pdf","348916","8c7fab1e653205e455d8015e8950dbf1a0cfa595b7c25417d07973aad33dc35f","https://manualf.oss-cn-hongkong.aliyuncs.com/manual/Wireless/WP-7.pdf","https://www.m-vave.com/product.html?id=wp-7","downloaded",""
"wireless-iem","WP-10","wireless","false","pdf/wireless/038-wp-10.pdf","869686","fab66ee93a751d87a6bbe8b69f3013f7cfd9937f669d728751704b2adc5de9bc","https://manualf.oss-cn-hongkong.aliyuncs.com/manual/Wireless/WS10.pdf","https://www.m-vave.com/product.html?id=wireless-iem","downloaded",""
"wp-8","WP-8","wireless","false","pdf/wireless/039-wp-8.pdf","1255038","3d28ee598239af2e83e1ebc05c640b9140a7e9202cc531270a2a96f12a4e92d4","https://manualf.oss-cn-hongkong.aliyuncs.com/manual/Wireless/WS8.pdf","https://www.m-vave.com/product.html?id=wp-8","downloaded",""
"wp-1","WP-1","wireless","false","pdf/wireless/040-wp-1.pdf","1220638","7bffca6a32cb28a5a8e5f38e227e0182d9190a9109dc9fff32a976ca46792998","https://manualf.oss-cn-hongkong.aliyuncs.com/manual/Wireless/WS1.pdf","https://www.m-vave.com/product.html?id=wp-1","downloaded",""
"tuner","TUNER","pedal","false","pdf/pedal/041-tuner.pdf","326131","1890909ecb8f8edf68283e6309763273cb0688b2db83e2c82268a476afd7cd56","https://manualf.oss-cn-hongkong.aliyuncs.com/manual/MINI-PEDAL/Tuner.pdf","https://www.m-vave.com/product.html?id=tuner","downloaded",""
"ir-box","IR BOX","pedal","true","pdf/pedal/042-ir-box.pdf","514949","5dd5e5ec1cde62e4db3022a49f626ced2985f85530a9cdadac5c193c98fba9eb","https://manualf.oss-cn-hongkong.aliyuncs.com/manual/IRBOX/IRBOX_ZE.pdf","https://www.m-vave.com/product.html?id=ir-box","downloaded",""
"elemental","ELEMENTAL","pedal","true","pdf/pedal/043-elemental.pdf","618831","957a3a28d9720ad2be134c8907a1428bb1fd865898a0fdbb183ba8ab569760ff","https://manualf.oss-cn-hongkong.aliyuncs.com/manual/MINI-PEDAL/ELEMENTAL.pdf","https://www.m-vave.com/product.html?id=elemental","downloaded",""
"cube-turner-plus","CUBE TURNER PLUS","cat_control_pedals","true","pdf/cat-control-pedals/044-cube-turner-plus.pdf","496171","018c66e31634efc9360f853d22d6b223a2b9c9b5a24c370a399150ee858ecec6","https://manualf.oss-cn-hongkong.aliyuncs.com/manual/CUBE-TURNER/Cube-Turner-plus.pdf","https://www.m-vave.com/product.html?id=cube-turner-plus","downloaded",""
"chocolate","Chocolate","cat_control_pedals","true","pdf/cat-control-pedals/045-chocolate.pdf","297663","7e57855b26630038c1b42485093f81a4a9e056ca813d3e46587656c5bb6ed69f","https://manualf.oss-cn-hongkong.aliyuncs.com/manual/CUBE-TURNER/Chotolate.pdf","https://www.m-vave.com/product.html?id=chocolate","downloaded",""
"pedal-power","PEDAL POWER","power","false","pdf/power/046-pedal-power.pdf","333505","042031f8a7c909f4aef39f95ab7c43fc9b58e7882a049482a9815c2c4f0485f5","https://manualf.oss-cn-hongkong.aliyuncs.com/manual/Pedal-Power-Supplies/PEDAL-POWER.pdf","https://www.m-vave.com/product.html?id=pedal-power","downloaded",""
"isolated-power","Isolated Power","power","false","pdf/power/047-isolated-power.pdf","217604","5b7e78d244d99c92eb440918a0879a1077778bc1dc20eb475a19329226372dc7","https://manualf.oss-cn-hongkong.aliyuncs.com/manual/Pedal-Power-Supplies/Isolated-Power.pdf","https://www.m-vave.com/product.html?id=isolated-power","downloaded",""
"mini-amp","MINI-AMP","pedal","false","pdf/pedal/048-mini-amp.pdf","490741","a84d048e6ec8111e0c87a5ed86347b1c0e1b72ccf093559877628621cf816f8f","https://manualf.oss-cn-hongkong.aliyuncs.com/manual/MINI-PEDAL/MINI-AMP.pdf","https://www.m-vave.com/product.html?id=mini-amp","downloaded",""
"mini-efx","MINI-EFX","pedal","false","pdf/pedal/049-mini-efx.pdf","664958","8a43d61a8e908e361720bc31926b6ec5dac8fade1f1196e8422519c650c21f51","https://manualf.oss-cn-hongkong.aliyuncs.com/manual/MINI-PEDAL/MINI-EFX.pdf","https://www.m-vave.com/product.html?id=mini-efx","downloaded",""
"aby-box","ABY-BOX","pedal","false","pdf/pedal/050-aby-box.pdf","345527","55b7a339a48ed47623576af468d04feb5a21afd19176d06c6fa8585ab52a0d31","https://manualf.oss-cn-hongkong.aliyuncs.com/manual/MINI-PEDAL/ABY-CHANNEL-SWITCH.pdf","https://www.m-vave.com/product.html?id=aby-box","downloaded",""
"looper-plus","Looper PRO","pedal","true","pdf/pedal/051-looper-pro.pdf","958342","1216f4c20fb766856e310bfb3d82c09399cf3b14b42ef9f3b9ac37405940e45f","https://manualf.oss-cn-hongkong.aliyuncs.com/manual/MINI-PEDAL/LOOPER-PRO.pdf","https://www.m-vave.com/product.html?id=looper-plus","downloaded",""
"tuner-v1","Precision Tuner","pedal","false","pdf/pedal/052-precision-tuner.pdf","453011","a7be52bc00f87858b23404fdd65c4f4efe1afb4cd552909c5a25a708d7228cd7","https://manualf.oss-cn-hongkong.aliyuncs.com/manual/MINI-PEDAL/PRECISION-TUNER.pdf","https://www.m-vave.com/product.html?id=tuner-v1","downloaded",""
"booster","Booster","unavailable","false","pdf/unavailable/053-booster.pdf","822822","845a1f1d938a8df84dbec5864123add33b67e2b2c631a4d9ac1a168aa36bc0dd","https://manualf.oss-cn-hongkong.aliyuncs.com/manual/MINI-PEDAL/BOOSTER.pdf","https://www.m-vave.com/product.html?id=booster","downloaded",""
"chorus","Chorus","pedal","false","pdf/pedal/054-chorus.pdf","822448","f5556e4169e68043c00c13d7a12c1e2cbb6fb0d5dde57b6770bbfa3c50ed6aa7","https://manualf.oss-cn-hongkong.aliyuncs.com/manual/MINI-PEDAL/CHORUS.pdf","https://www.m-vave.com/product.html?id=chorus","downloaded",""
"dig-delay","DIG Delay","pedal","false","pdf/pedal/055-dig-delay.pdf","834833","057b509bfffae7d63baaf8b98d127451332da81145ef4632eab17b76575e09aa","https://manualf.oss-cn-hongkong.aliyuncs.com/manual/MINI-PEDAL/DIGITAL-DELAY.pdf","https://www.m-vave.com/product.html?id=dig-delay","downloaded",""
"dig-pitch","DIG Pitch","pedal","false","pdf/pedal/056-dig-pitch.pdf","829445","193db6cf653baff4b0733d134570d743e5c51524318ef6acb29fa5e503ce01c3","https://manualf.oss-cn-hongkong.aliyuncs.com/manual/MINI-PEDAL/DIGITAL-PITCH.pdf","https://www.m-vave.com/product.html?id=dig-pitch","downloaded",""
"dig-reverb","DIG Reverb","pedal","false","pdf/pedal/057-dig-reverb.pdf","838610","b9e5f3cd2de8a7b14991a48b903778dd587237adcb7b9618197c58d54e660467","https://manualf.oss-cn-hongkong.aliyuncs.com/manual/MINI-PEDAL/DIGITAL-REVERB.pdf","https://www.m-vave.com/product.html?id=dig-reverb","downloaded",""
"dist-british","DIST-British","pedal","false","pdf/pedal/058-dist-british.pdf","822162","74c7b955f6341269eb8647dbaf999ec6c75843eebfe453198df2ef63f4c56940","https://manualf.oss-cn-hongkong.aliyuncs.com/manual/MINI-PEDAL/DISTORTION-BRITISH.pdf","https://www.m-vave.com/product.html?id=dist-british","downloaded",""
"distortion-sc1","Distortion-SC1","pedal","false","pdf/pedal/059-distortion-sc1.pdf","822014","cdcbbabf307242edff50ba0a132bab7b63ecd980f022720b01430c4f3e2e2003","https://manualf.oss-cn-hongkong.aliyuncs.com/manual/MINI-PEDAL/DISTORTION-SC1.pdf","https://www.m-vave.com/product.html?id=distortion-sc1","downloaded",""
"fuzz","FUZZ","pedal","false","pdf/pedal/060-fuzz.pdf","821612","e3779ed661c58b6edc6071bdcba6cdba8ebda40a1e3642510a99d809385a2533","https://manualf.oss-cn-hongkong.aliyuncs.com/manual/MINI-PEDAL/FUZZ.pdf","https://www.m-vave.com/product.html?id=fuzz","downloaded",""
"overdrive-blues","Overdrive-BLUES","pedal","false","pdf/pedal/061-overdrive-blues.pdf","819418","30f5ae0339622e0f3374baf31a2324483642aff7742da23ca29685e00ba51990","https://manualf.oss-cn-hongkong.aliyuncs.com/manual/MINI-PEDAL/OVERDRIVE-BLUES.pdf","https://www.m-vave.com/product.html?id=overdrive-blues","downloaded",""
"overdrive-ts","Overdrive-TS","pedal","false","pdf/pedal/062-overdrive-ts.pdf","820494","67ed28fb8869f8030c52c8b0a7be5deb8b7bd59311eb84e02614d1f71e5f77de","https://manualf.oss-cn-hongkong.aliyuncs.com/manual/MINI-PEDAL/OVERDRIVE-TS.pdf","https://www.m-vave.com/product.html?id=overdrive-ts","downloaded",""
"overdrive-db","Overdrive-DB","pedal","false","pdf/pedal/063-overdrive-db.pdf","819801","0c2c729c57e7310dc4bd628d449dca929966634636e5658adff0d99512ee5fa4","https://manualf.oss-cn-hongkong.aliyuncs.com/manual/MINI-PEDAL/OVERDRIVE-DB.pdf","https://www.m-vave.com/product.html?id=overdrive-db","downloaded",""
"overdrive-amp","Overdrive-AMP","pedal","false","pdf/pedal/064-overdrive-amp.pdf","819694","e06382dcf52f8a48a97bb9520ce6e7c2f28bf37ce3339d29b55cfd5afa35e35c","https://manualf.oss-cn-hongkong.aliyuncs.com/manual/MINI-PEDAL/OVERDRIVE-AMP.pdf","https://www.m-vave.com/product.html?id=overdrive-amp","downloaded",""
"phaser","Phaser","pedal","false","pdf/pedal/065-phaser.pdf","812157","a48e7743ccfa5bfdfa6e4b2f84701ec7e1285422b5606c5b5fc2d0fd876fa168","https://manualf.oss-cn-hongkong.aliyuncs.com/manual/MINI-PEDAL/PHASER.pdf","https://www.m-vave.com/product.html?id=phaser","downloaded",""
"tremolo","Tremolo","pedal","false","pdf/pedal/066-tremolo.pdf","822326","3ee0fcd79b4f0a39b79eb2429afdebf84db33074916380b197906d0a91c2b4b4","https://manualf.oss-cn-hongkong.aliyuncs.com/manual/MINI-PEDAL/CLASSIC-TREMOLO.pdf","https://www.m-vave.com/product.html?id=tremolo","downloaded",""
"looper","LOOPER","pedal","false","pdf/pedal/067-looper.pdf","826223","415c22c83a88e1caee07b3362b24d391c34e8ba4659ef8b387c38c19f7d484bd","https://manualf.oss-cn-hongkong.aliyuncs.com/manual/MINI-PEDAL/MINI-LOOPER.pdf","https://www.m-vave.com/product.html?id=looper","downloaded",""
"wp-3","WP-3","wireless","false","pdf/wireless/068-wp-3.pdf","1007296","e525a4a37af29b2acfff08001a68899eadabd509e6b8b751d8911d76f6bde323","https://manualf.oss-cn-hongkong.aliyuncs.com/manual/Wireless/WS3.pdf","https://www.m-vave.com/product.html?id=wp-3","downloaded",""
"wp-5","WP-5","wireless","false","pdf/wireless/069-wp-5.pdf","1196886","486175de1defec3733e956b6396bb2e7f4f30384b03e4e4d7d8c64ea3704256a","https://manualf.oss-cn-hongkong.aliyuncs.com/manual/Wireless/WS5.pdf","https://www.m-vave.com/product.html?id=wp-5","downloaded",""
"cube-baby-ac","CUBE BABY AC","multi","true","pdf/multi/070-cube-baby-ac.pdf","1245433","b3d987c5df94c048561d2fa0fcadd23b9f257e24a2fb2e6c48d63e1a77203074","https://manualf.oss-cn-hongkong.aliyuncs.com/manual/Combined-Effect-Pedals/CUBE-BABY-AC.pdf","https://www.m-vave.com/product.html?id=cube-baby-ac","downloaded",""
"cube-baby-bass","CUBE BABY BASS","multi","true","pdf/multi/071-cube-baby-bass.pdf","1336096","4f3b9d5d9f5a73a68b2671d7dbac089ead3ced8c5603e9a86a69dc61bcbf1a9b","https://manualf.oss-cn-hongkong.aliyuncs.com/manual/Combined-Effect-Pedals/CUBE-BABY-BASS.pdf","https://www.m-vave.com/product.html?id=cube-baby-bass","downloaded",""
"tank-b","TANK-B","multi","true","pdf/multi/072-tank-b.pdf","1365774","06ec04d4a123b0843a0da524af1fa1bf35b5e7861c350bfb62fc17699d7837aa","https://manualf.oss-cn-hongkong.aliyuncs.com/manual/Combined-Effect-Pedals/TANK-B-Z.pdf","https://www.m-vave.com/product.html?id=tank-b","downloaded",""
"h8","H8","multi","true","pdf/multi/073-h8.pdf","2466576","d20a58d64bfb3effa5008bd3ce01ba26caf5dc6a70c3bbc61281a1d68b802a9d","https://manualf.oss-cn-hongkong.aliyuncs.com/manual/Combined-Effect-Pedals/H8.pdf","https://www.m-vave.com/product.html?id=h8","downloaded",""
